INFO buildroot.py:668:  Mock Version: 6.7
DEBUG file_util.py:17:  ensuring that dir exists: /var/lib/mock/alma+epel-9-x86_64/root
DEBUG file_util.py:20:  created dir: /var/lib/mock/alma+epel-9-x86_64/root
DEBUG file_util.py:17:  ensuring that dir exists: /var/lib/mock/alma+epel-9-x86_64-bootstrap
DEBUG file_util.py:17:  ensuring that dir exists: /var/lib/mock/alma+epel-9-x86_64-bootstrap
DEBUG file_util.py:17:  ensuring that dir exists: /var/lib/mock/alma+epel-9-x86_64-bootstrap/root
DEBUG file_util.py:17:  ensuring that dir exists: /var/lib/mock/alma+epel-9-x86_64-bootstrap/results
INFO buildroot.py:318:  calling preinit hooks
DEBUG file_util.py:17:  ensuring that dir exists: /var/cache/mock/alma+epel-9-x86_64-bootstrap/root_cache/
DEBUG file_util.py:17:  ensuring that dir exists: /var/cache/mock/alma+epel-9-x86_64-bootstrap/yum_cache
DEBUG file_util.py:17:  ensuring that dir exists: /var/cache/mock/alma+epel-9-x86_64-bootstrap/dnf_cache
DEBUG buildroot.py:724:  create skeleton dirs
DEBUG file_util.py:17:  ensuring that dir exists: /var/lib/mock/alma+epel-9-x86_64-bootstrap/root/var/lib/rpm
DEBUG file_util.py:17:  ensuring that dir exists: /var/lib/mock/alma+epel-9-x86_64-bootstrap/root/var/lib/yum
DEBUG file_util.py:17:  ensuring that dir exists: /var/lib/mock/alma+epel-9-x86_64-bootstrap/root/var/lib/dbus
DEBUG file_util.py:17:  ensuring that dir exists: /var/lib/mock/alma+epel-9-x86_64-bootstrap/root/var/log
DEBUG file_util.py:17:  ensuring that dir exists: /var/lib/mock/alma+epel-9-x86_64-bootstrap/root/var/cache/dnf
DEBUG file_util.py:17:  ensuring that dir exists: /var/lib/mock/alma+epel-9-x86_64-bootstrap/root/var/cache/yum
DEBUG file_util.py:17:  ensuring that dir exists: /var/lib/mock/alma+epel-9-x86_64-bootstrap/root/etc/rpm
DEBUG file_util.py:17:  ensuring that dir exists: /var/lib/mock/alma+epel-9-x86_64-bootstrap/root/tmp
DEBUG file_util.py:17:  ensuring that dir exists: /var/lib/mock/alma+epel-9-x86_64-bootstrap/root/tmp/ccache
DEBUG file_util.py:17:  ensuring that dir exists: /var/lib/mock/alma+epel-9-x86_64-bootstrap/root/var/tmp
DEBUG file_util.py:17:  ensuring that dir exists: /var/lib/mock/alma+epel-9-x86_64-bootstrap/root/etc/dnf
DEBUG file_util.py:17:  ensuring that dir exists: /var/lib/mock/alma+epel-9-x86_64-bootstrap/root/etc/dnf/vars
DEBUG file_util.py:17:  ensuring that dir exists: /var/lib/mock/alma+epel-9-x86_64-bootstrap/root/etc/yum.repos.d
DEBUG file_util.py:20:  created dir: /var/lib/mock/alma+epel-9-x86_64-bootstrap/root/etc/yum.repos.d
DEBUG file_util.py:17:  ensuring that dir exists: /var/lib/mock/alma+epel-9-x86_64-bootstrap/root/etc/yum
DEBUG file_util.py:17:  ensuring that dir exists: /var/lib/mock/alma+epel-9-x86_64-bootstrap/root/proc
DEBUG file_util.py:17:  ensuring that dir exists: /var/lib/mock/alma+epel-9-x86_64-bootstrap/root/sys
DEBUG file_util.py:17:  ensuring that dir exists: /var/lib/mock/alma+epel-9-x86_64-bootstrap/root/run/lock
DEBUG file_util.py:17:  ensuring that dir exists: /var/lib/mock/alma+epel-9-x86_64-bootstrap/root/dev/pts
DEBUG file_util.py:17:  ensuring that dir exists: /var/lib/mock/alma+epel-9-x86_64-bootstrap/root/dev/shm
DEBUG file_util.py:17:  ensuring that dir exists: /var/lib/mock/alma+epel-9-x86_64-bootstrap/root/dev/mapper
DEBUG file_util.py:20:  created dir: /var/lib/mock/alma+epel-9-x86_64-bootstrap/root/dev/mapper
DEBUG buildroot.py:868:  kernel version == 5.14.0-611.49.2.el9_7.x86_64
DEBUG file_util.py:29:  touching file: /var/lib/mock/alma+epel-9-x86_64-bootstrap/root/etc/fstab
DEBUG file_util.py:29:  touching file: /var/lib/mock/alma+epel-9-x86_64-bootstrap/root/etc/yum/yum.conf
DEBUG file_util.py:29:  touching file: /var/lib/mock/alma+epel-9-x86_64-bootstrap/root/etc/dnf/dnf.conf
DEBUG file_util.py:29:  touching file: /var/lib/mock/alma+epel-9-x86_64-bootstrap/root/var/log/yum.log
DEBUG buildroot.py:332:  rootdir = /var/lib/mock/alma+epel-9-x86_64-bootstrap/root
DEBUG buildroot.py:333:  resultdir = /var/lib/mock/alma+epel-9-x86_64-bootstrap/results
DEBUG package_manager.py:63:  searching for 'dnf4' package manager or alternatives
INFO buildroot.py:181:  Package manager dnf4 detected and used (fallback)
DEBUG file_util.py:17:  ensuring that dir exists: /var/lib/mock/alma+epel-9-x86_64-bootstrap/root/etc/pki/mock
DEBUG package_manager.py:404:  copying CA trust dir into chroot: /etc/pki/ca-trust => /etc/pki/ca-trust
DEBUG file_util.py:178:  Updating files in /var/lib/mock/alma+epel-9-x86_64-bootstrap/root/etc/pki/ca-trust with files from /etc/pki/ca-trust
DEBUG file_util.py:17:  ensuring that dir exists: /var/lib/mock/alma+epel-9-x86_64-bootstrap/root/etc/pki/ca-trust
DEBUG file_util.py:17:  ensuring that dir exists: /var/lib/mock/alma+epel-9-x86_64-bootstrap/root/etc/pki/ca-trust/./extracted
DEBUG file_util.py:17:  ensuring that dir exists: /var/lib/mock/alma+epel-9-x86_64-bootstrap/root/etc/pki/ca-trust/./source
DEBUG file_util.py:17:  ensuring that dir exists: /var/lib/mock/alma+epel-9-x86_64-bootstrap/root/etc/pki/ca-trust/extracted/edk2
DEBUG file_util.py:17:  ensuring that dir exists: /var/lib/mock/alma+epel-9-x86_64-bootstrap/root/etc/pki/ca-trust/extracted/java
DEBUG file_util.py:17:  ensuring that dir exists: /var/lib/mock/alma+epel-9-x86_64-bootstrap/root/etc/pki/ca-trust/extracted/openssl
DEBUG file_util.py:17:  ensuring that dir exists: /var/lib/mock/alma+epel-9-x86_64-bootstrap/root/etc/pki/ca-trust/extracted/pem
DEBUG file_util.py:17:  ensuring that dir exists: /var/lib/mock/alma+epel-9-x86_64-bootstrap/root/etc/pki/ca-trust/extracted/pem/directory-hash
DEBUG file_util.py:17:  ensuring that dir exists: /var/lib/mock/alma+epel-9-x86_64-bootstrap/root/etc/pki/ca-trust/source/anchors
DEBUG file_util.py:17:  ensuring that dir exists: /var/lib/mock/alma+epel-9-x86_64-bootstrap/root/etc/pki/ca-trust/source/blocklist
DEBUG package_manager.py:404:  copying CA trust dir into chroot: /usr/share/pki/ca-trust-source => /usr/share/pki/ca-trust-source
DEBUG file_util.py:178:  Updating files in /var/lib/mock/alma+epel-9-x86_64-bootstrap/root/usr/share/pki/ca-trust-source with files from /usr/share/pki/ca-trust-source
DEBUG file_util.py:17:  ensuring that dir exists: /var/lib/mock/alma+epel-9-x86_64-bootstrap/root/usr/share/pki/ca-trust-source
DEBUG file_util.py:17:  ensuring that dir exists: /var/lib/mock/alma+epel-9-x86_64-bootstrap/root/usr/share/pki/ca-trust-source/./anchors
DEBUG file_util.py:17:  ensuring that dir exists: /var/lib/mock/alma+epel-9-x86_64-bootstrap/root/usr/share/pki/ca-trust-source/./blocklist
DEBUG file_util.py:17:  ensuring that dir exists: /var/lib/mock/alma+epel-9-x86_64-bootstrap/root/usr/share
DEBUG package_manager.py:388:  Copying /usr/share/distribution-gpg-keys to the bootstrap chroot
DEBUG util.py:636:  child environment: None
DEBUG util.py:558:  Executing command: ['cp', '-a', '/usr/share/distribution-gpg-keys', '/var/lib/mock/alma+epel-9-x86_64-bootstrap/root/usr/share'] with env {'TERM': 'vt100', 'SHELL': '/bin/sh', 'HOME': '/builddir', 'HOSTNAME': 'mock', 'PATH': '/usr/bin:/bin:/usr/sbin:/sbin', 'LANG': 'C.UTF-8'} and shell False
DEBUG util.py:610:  Child return code was: 0
DEBUG file_util.py:17:  ensuring that dir exists: /var/lib/mock/alma+epel-9-x86_64-bootstrap/root/etc/dnf
DEBUG package_manager.py:691:  configure DNF vars
DEBUG file_util.py:17:  ensuring that dir exists: /var/lib/mock/alma+epel-9-x86_64-bootstrap/root/var/cache/yum
DEBUG util.py:636:  child environment: None
DEBUG util.py:558:  Executing command: ['/bin/mount', '-n', '-o', 'bind', '/var/cache/mock/alma+epel-9-x86_64-bootstrap/yum_cache', '/var/lib/mock/alma+epel-9-x86_64-bootstrap/root/var/cache/yum'] with env {'TERM': 'vt100', 'SHELL': '/bin/sh', 'HOME': '/builddir', 'HOSTNAME': 'mock', 'PATH': '/usr/bin:/bin:/usr/sbin:/sbin', 'LANG': 'C.UTF-8'} and shell False
DEBUG util.py:610:  Child return code was: 0
DEBUG file_util.py:17:  ensuring that dir exists: /var/lib/mock/alma+epel-9-x86_64-bootstrap/root/var/cache/dnf
DEBUG util.py:636:  child environment: None
DEBUG util.py:558:  Executing command: ['/bin/mount', '-n', '-o', 'bind', '/var/cache/mock/alma+epel-9-x86_64-bootstrap/dnf_cache', '/var/lib/mock/alma+epel-9-x86_64-bootstrap/root/var/cache/dnf'] with env {'TERM': 'vt100', 'SHELL': '/bin/sh', 'HOME': '/builddir', 'HOSTNAME': 'mock', 'PATH': '/usr/bin:/bin:/usr/sbin:/sbin', 'LANG': 'C.UTF-8'} and shell False
DEBUG util.py:610:  Child return code was: 0
DEBUG file_util.py:17:  ensuring that dir exists: /var/lib/mock/alma+epel-9-x86_64-bootstrap/root/etc
DEBUG file_util.py:17:  ensuring that dir exists: /var/lib/mock/alma+epel-9-x86_64-bootstrap/root/etc
DEBUG buildroot.py:38:  method _cleanup_homedir skipped in bootstrap
DEBUG buildroot.py:38:  method _setup_build_dirs skipped in bootstrap
DEBUG buildroot.py:38:  method _make_users skipped in bootstrap
DEBUG file_util.py:29:  touching file: /var/lib/mock/alma+epel-9-x86_64-bootstrap/root/.initialized
DEBUG file_util.py:17:  ensuring that dir exists: /var/lib/mock/alma+epel-9-x86_64
DEBUG file_util.py:17:  ensuring that dir exists: /var/lib/mock/alma+epel-9-x86_64/root
DEBUG file_util.py:17:  ensuring that dir exists: /var/lib/mock/alma+epel-9-x86_64/result
INFO buildroot.py:318:  calling preinit hooks
DEBUG file_util.py:17:  ensuring that dir exists: /var/cache/mock/alma+epel-9-x86_64/root_cache/
DEBUG file_util.py:17:  ensuring that dir exists: /var/lib/mock/alma+epel-9-x86_64/root
DEBUG util.py:636:  child environment: None
DEBUG util.py:558:  Executing command: ['/bin/tar', '--use-compress-program', 'pigz', '-xf', '/var/cache/mock/alma+epel-9-x86_64/root_cache/cache.tar.gz', '-C', '/var/lib/mock/alma+epel-9-x86_64/root'] with env {'TERM': 'vt100', 'SHELL': '/bin/sh', 'HOME': '/builddir', 'HOSTNAME': 'mock', 'PATH': '/usr/bin:/bin:/usr/sbin:/sbin', 'LANG': 'C.UTF-8'} and shell False
DEBUG util.py:610:  Child return code was: 0
DEBUG file_util.py:17:  ensuring that dir exists: /var/lib/mock/alma+epel-9-x86_64/root/./proc
DEBUG file_util.py:20:  created dir: /var/lib/mock/alma+epel-9-x86_64/root/./proc
DEBUG file_util.py:17:  ensuring that dir exists: /var/lib/mock/alma+epel-9-x86_64/root/./sys
DEBUG file_util.py:20:  created dir: /var/lib/mock/alma+epel-9-x86_64/root/./sys
DEBUG file_util.py:17:  ensuring that dir exists: /var/lib/mock/alma+epel-9-x86_64/root/./dev
DEBUG file_util.py:20:  created dir: /var/lib/mock/alma+epel-9-x86_64/root/./dev
DEBUG file_util.py:17:  ensuring that dir exists: /var/lib/mock/alma+epel-9-x86_64/root/./tmp/ccache
DEBUG file_util.py:20:  created dir: /var/lib/mock/alma+epel-9-x86_64/root/./tmp/ccache
DEBUG file_util.py:17:  ensuring that dir exists: /var/lib/mock/alma+epel-9-x86_64/root/./var/cache/yum
DEBUG file_util.py:20:  created dir: /var/lib/mock/alma+epel-9-x86_64/root/./var/cache/yum
DEBUG file_util.py:17:  ensuring that dir exists: /var/lib/mock/alma+epel-9-x86_64/root/./var/cache/dnf
DEBUG file_util.py:20:  created dir: /var/lib/mock/alma+epel-9-x86_64/root/./var/cache/dnf
DEBUG file_util.py:17:  ensuring that dir exists: /var/lib/mock/alma+epel-9-x86_64/root/./var/log
DEBUG file_util.py:20:  created dir: /var/lib/mock/alma+epel-9-x86_64/root/./var/log
DEBUG file_util.py:17:  ensuring that dir exists: /var/cache/mock/alma+epel-9-x86_64/yum_cache
DEBUG file_util.py:17:  ensuring that dir exists: /var/cache/mock/alma+epel-9-x86_64/dnf_cache
DEBUG util.py:636:  child environment: None
DEBUG util.py:558:  Executing command: ['/usr/bin/lscpu'] with env {'TERM': 'vt100', 'SHELL': '/bin/sh', 'HOME': '/builddir', 'HOSTNAME': 'mock', 'PATH': '/usr/bin:/bin:/usr/sbin:/sbin', 'LANG': 'C.UTF-8'} and shell False
DEBUG util.py:463:  Architecture:                            x86_64
DEBUG util.py:463:  CPU op-mode(s):                          32-bit, 64-bit
DEBUG util.py:463:  Address sizes:                           39 bits physical, 48 bits virtual
DEBUG util.py:463:  Byte Order:                              Little Endian
DEBUG util.py:463:  CPU(s):                                  4
DEBUG util.py:463:  On-line CPU(s) list:                     0-3
DEBUG util.py:463:  Vendor ID:                               GenuineIntel
DEBUG util.py:463:  BIOS Vendor ID:                          QEMU
DEBUG util.py:463:  Model name:                              Intel(R) N150
DEBUG util.py:463:  BIOS Model name:                         pc-q35-8.2
DEBUG util.py:463:  CPU family:                              6
DEBUG util.py:463:  Model:                                   190
DEBUG util.py:463:  Thread(s) per core:                      1
DEBUG util.py:463:  Core(s) per socket:                      1
DEBUG util.py:463:  Socket(s):                               4
DEBUG util.py:463:  Stepping:                                0
DEBUG util.py:463:  BogoMIPS:                                1612.80
DEBUG util.py:463:  Flags:                                   fpu vme de pse tsc msr pae mce cx8 apic sep mtrr pge mca cmov pat pse36 clflush mmx fxsr sse sse2 ss syscall nx pdpe1gb rdtscp lm constant_tsc arch_perfmon rep_good nopl xtopology cpuid tsc_known_freq pni pclmulqdq ssse3 fma cx16 pdcm pcid sse4_1 sse4_2 x2apic movbe popcnt tsc_deadline_timer aes xsave avx f16c rdrand hypervisor lahf_lm abm 3dnowprefetch cpuid_fault ssbd ibrs ibpb stibp ibrs_enhanced fsgsbase tsc_adjust bmi1 avx2 smep bmi2 erms invpcid rdseed adx smap clflushopt clwb sha_ni xsaveopt xsavec xgetbv1 xsaves avx_vnni arat umip pku ospke waitpkg gfni vaes vpclmulqdq rdpid movdiri movdir64b fsrm md_clear serialize flush_l1d arch_capabilities
DEBUG util.py:463:  Hypervisor vendor:                       KVM
DEBUG util.py:463:  Virtualization type:                     full
DEBUG util.py:463:  L1d cache:                               128 KiB (4 instances)
DEBUG util.py:463:  L1i cache:                               128 KiB (4 instances)
DEBUG util.py:463:  L2 cache:                                16 MiB (4 instances)
DEBUG util.py:463:  L3 cache:                                64 MiB (4 instances)
DEBUG util.py:463:  NUMA node(s):                            1
DEBUG util.py:463:  NUMA node0 CPU(s):                       0-3
DEBUG util.py:463:  Vulnerability Gather data sampling:      Not affected
DEBUG util.py:463:  Vulnerability Indirect target selection: Mitigation; Aligned branch/return thunks
DEBUG util.py:463:  Vulnerability Itlb multihit:             Not affected
DEBUG util.py:463:  Vulnerability L1tf:                      Not affected
DEBUG util.py:463:  Vulnerability Mds:                       Not affected
DEBUG util.py:463:  Vulnerability Meltdown:                  Not affected
DEBUG util.py:463:  Vulnerability Mmio stale data:           Not affected
DEBUG util.py:463:  Vulnerability Reg file data sampling:    Vulnerable: No microcode
DEBUG util.py:463:  Vulnerability Retbleed:                  Not affected
DEBUG util.py:463:  Vulnerability Spec rstack overflow:      Not affected
DEBUG util.py:463:  Vulnerability Spec store bypass:         Mitigation; Speculative Store Bypass disabled via prctl
DEBUG util.py:463:  Vulnerability Spectre v1:                Mitigation; usercopy/swapgs barriers and __user pointer sanitization
DEBUG util.py:463:  Vulnerability Spectre v2:                Mitigation; Enhanced / Automatic IBRS; IBPB conditional; PBRSB-eIBRS Not affected; BHI SW loop, KVM SW loop
DEBUG util.py:463:  Vulnerability Srbds:                     Not affected
DEBUG util.py:463:  Vulnerability Tsa:                       Not affected
DEBUG util.py:463:  Vulnerability Tsx async abort:           Not affected
DEBUG util.py:463:  Vulnerability Vmscape:                   Not affected
DEBUG util.py:610:  Child return code was: 0
DEBUG util.py:636:  child environment: None
DEBUG util.py:558:  Executing command: ['/bin/free', '--human'] with env {'TERM': 'vt100', 'SHELL': '/bin/sh', 'HOME': '/builddir', 'HOSTNAME': 'mock', 'PATH': '/usr/bin:/bin:/usr/sbin:/sbin', 'LANG': 'C.UTF-8'} and shell False
DEBUG util.py:463:                 total        used        free      shared  buff/cache   available
DEBUG util.py:463:  Mem:           3.6Gi       596Mi       1.2Gi        13Mi       2.1Gi       3.0Gi
DEBUG util.py:463:  Swap:          3.9Gi          0B       3.9Gi
DEBUG util.py:610:  Child return code was: 0
DEBUG util.py:636:  child environment: None
DEBUG util.py:558:  Executing command: ['/bin/df', '-H', '-T', '/var/lib/mock/alma+epel-9-x86_64/root', '/var/cache/mock'] with env {'TERM': 'vt100', 'SHELL': '/bin/sh', 'HOME': '/builddir', 'HOSTNAME': 'mock', 'PATH': '/usr/bin:/bin:/usr/sbin:/sbin', 'LANG': 'C.UTF-8'} and shell False
DEBUG util.py:463:  Filesystem     Type  Size  Used Avail Use% Mounted on
DEBUG util.py:463:  /dev/vda3      xfs    49G  8.9G   40G  19% /
DEBUG util.py:463:  /dev/vda3      xfs    49G  8.9G   40G  19% /
DEBUG util.py:610:  Child return code was: 0
DEBUG buildroot.py:724:  create skeleton dirs
DEBUG file_util.py:17:  ensuring that dir exists: /var/lib/mock/alma+epel-9-x86_64/root/var/lib/rpm
DEBUG file_util.py:17:  ensuring that dir exists: /var/lib/mock/alma+epel-9-x86_64/root/var/lib/yum
DEBUG file_util.py:17:  ensuring that dir exists: /var/lib/mock/alma+epel-9-x86_64/root/var/lib/dbus
DEBUG file_util.py:17:  ensuring that dir exists: /var/lib/mock/alma+epel-9-x86_64/root/var/log
DEBUG file_util.py:17:  ensuring that dir exists: /var/lib/mock/alma+epel-9-x86_64/root/var/cache/dnf
DEBUG file_util.py:17:  ensuring that dir exists: /var/lib/mock/alma+epel-9-x86_64/root/var/cache/yum
DEBUG file_util.py:17:  ensuring that dir exists: /var/lib/mock/alma+epel-9-x86_64/root/etc/rpm
DEBUG file_util.py:17:  ensuring that dir exists: /var/lib/mock/alma+epel-9-x86_64/root/tmp
DEBUG file_util.py:17:  ensuring that dir exists: /var/lib/mock/alma+epel-9-x86_64/root/tmp/ccache
DEBUG file_util.py:17:  ensuring that dir exists: /var/lib/mock/alma+epel-9-x86_64/root/var/tmp
DEBUG file_util.py:17:  ensuring that dir exists: /var/lib/mock/alma+epel-9-x86_64/root/etc/dnf
DEBUG file_util.py:17:  ensuring that dir exists: /var/lib/mock/alma+epel-9-x86_64/root/etc/dnf/vars
DEBUG file_util.py:17:  ensuring that dir exists: /var/lib/mock/alma+epel-9-x86_64/root/etc/yum.repos.d
DEBUG file_util.py:17:  ensuring that dir exists: /var/lib/mock/alma+epel-9-x86_64/root/etc/yum
DEBUG file_util.py:17:  ensuring that dir exists: /var/lib/mock/alma+epel-9-x86_64/root/proc
DEBUG file_util.py:17:  ensuring that dir exists: /var/lib/mock/alma+epel-9-x86_64/root/sys
DEBUG file_util.py:17:  ensuring that dir exists: /var/lib/mock/alma+epel-9-x86_64/root/run/lock
DEBUG file_util.py:17:  ensuring that dir exists: /var/lib/mock/alma+epel-9-x86_64/root/dev/pts
DEBUG file_util.py:20:  created dir: /var/lib/mock/alma+epel-9-x86_64/root/dev/pts
DEBUG file_util.py:17:  ensuring that dir exists: /var/lib/mock/alma+epel-9-x86_64/root/dev/shm
DEBUG file_util.py:20:  created dir: /var/lib/mock/alma+epel-9-x86_64/root/dev/shm
DEBUG file_util.py:17:  ensuring that dir exists: /var/lib/mock/alma+epel-9-x86_64/root/dev/mapper
DEBUG file_util.py:20:  created dir: /var/lib/mock/alma+epel-9-x86_64/root/dev/mapper
DEBUG buildroot.py:868:  kernel version == 5.14.0-611.49.2.el9_7.x86_64
DEBUG file_util.py:29:  touching file: /var/lib/mock/alma+epel-9-x86_64/root/etc/fstab
DEBUG file_util.py:29:  touching file: /var/lib/mock/alma+epel-9-x86_64/root/etc/yum/yum.conf
DEBUG file_util.py:29:  touching file: /var/lib/mock/alma+epel-9-x86_64/root/etc/dnf/dnf.conf
DEBUG file_util.py:29:  touching file: /var/lib/mock/alma+epel-9-x86_64/root/var/log/yum.log
DEBUG buildroot.py:332:  rootdir = /var/lib/mock/alma+epel-9-x86_64/root
DEBUG buildroot.py:333:  resultdir = /var/lib/mock/alma+epel-9-x86_64/result
INFO buildroot.py:181:  Package manager dnf4 detected and used (direct choice)
DEBUG file_util.py:17:  ensuring that dir exists: /var/lib/mock/alma+epel-9-x86_64/root/etc/pki/mock
DEBUG package_manager.py:404:  copying CA trust dir into chroot: /etc/pki/ca-trust => /etc/pki/ca-trust
DEBUG file_util.py:178:  Updating files in /var/lib/mock/alma+epel-9-x86_64/root/etc/pki/ca-trust with files from /etc/pki/ca-trust
DEBUG file_util.py:17:  ensuring that dir exists: /var/lib/mock/alma+epel-9-x86_64/root/etc/pki/ca-trust
DEBUG file_util.py:17:  ensuring that dir exists: /var/lib/mock/alma+epel-9-x86_64/root/etc/pki/ca-trust/./extracted
DEBUG file_util.py:17:  ensuring that dir exists: /var/lib/mock/alma+epel-9-x86_64/root/etc/pki/ca-trust/./source
DEBUG file_util.py:17:  ensuring that dir exists: /var/lib/mock/alma+epel-9-x86_64/root/etc/pki/ca-trust/extracted/edk2
DEBUG file_util.py:17:  ensuring that dir exists: /var/lib/mock/alma+epel-9-x86_64/root/etc/pki/ca-trust/extracted/java
DEBUG file_util.py:17:  ensuring that dir exists: /var/lib/mock/alma+epel-9-x86_64/root/etc/pki/ca-trust/extracted/openssl
DEBUG file_util.py:17:  ensuring that dir exists: /var/lib/mock/alma+epel-9-x86_64/root/etc/pki/ca-trust/extracted/pem
DEBUG file_util.py:17:  ensuring that dir exists: /var/lib/mock/alma+epel-9-x86_64/root/etc/pki/ca-trust/extracted/pem/directory-hash
DEBUG file_util.py:17:  ensuring that dir exists: /var/lib/mock/alma+epel-9-x86_64/root/etc/pki/ca-trust/source/anchors
DEBUG file_util.py:17:  ensuring that dir exists: /var/lib/mock/alma+epel-9-x86_64/root/etc/pki/ca-trust/source/blocklist
DEBUG package_manager.py:404:  copying CA trust dir into chroot: /usr/share/pki/ca-trust-source => /usr/share/pki/ca-trust-source
DEBUG file_util.py:178:  Updating files in /var/lib/mock/alma+epel-9-x86_64/root/usr/share/pki/ca-trust-source with files from /usr/share/pki/ca-trust-source
DEBUG file_util.py:17:  ensuring that dir exists: /var/lib/mock/alma+epel-9-x86_64/root/usr/share/pki/ca-trust-source
DEBUG file_util.py:17:  ensuring that dir exists: /var/lib/mock/alma+epel-9-x86_64/root/usr/share/pki/ca-trust-source/./anchors
DEBUG file_util.py:17:  ensuring that dir exists: /var/lib/mock/alma+epel-9-x86_64/root/usr/share/pki/ca-trust-source/./blocklist
DEBUG file_util.py:17:  ensuring that dir exists: /var/lib/mock/alma+epel-9-x86_64/root/etc/dnf
DEBUG package_manager.py:691:  configure DNF vars
DEBUG file_util.py:17:  ensuring that dir exists: /var/lib/mock/alma+epel-9-x86_64/root/var/cache/yum
DEBUG util.py:636:  child environment: None
DEBUG util.py:558:  Executing command: ['/bin/mount', '-n', '-o', 'bind', '/var/cache/mock/alma+epel-9-x86_64/yum_cache', '/var/lib/mock/alma+epel-9-x86_64/root/var/cache/yum'] with env {'TERM': 'vt100', 'SHELL': '/bin/sh', 'HOME': '/builddir', 'HOSTNAME': 'mock', 'PATH': '/usr/bin:/bin:/usr/sbin:/sbin', 'LANG': 'C.UTF-8'} and shell False
DEBUG util.py:610:  Child return code was: 0
DEBUG file_util.py:17:  ensuring that dir exists: /var/lib/mock/alma+epel-9-x86_64/root/var/cache/dnf
DEBUG util.py:636:  child environment: None
DEBUG util.py:558:  Executing command: ['/bin/mount', '-n', '-o', 'bind', '/var/cache/mock/alma+epel-9-x86_64/dnf_cache', '/var/lib/mock/alma+epel-9-x86_64/root/var/cache/dnf'] with env {'TERM': 'vt100', 'SHELL': '/bin/sh', 'HOME': '/builddir', 'HOSTNAME': 'mock', 'PATH': '/usr/bin:/bin:/usr/sbin:/sbin', 'LANG': 'C.UTF-8'} and shell False
DEBUG util.py:610:  Child return code was: 0
DEBUG util.py:636:  child environment: None
DEBUG util.py:553:  Using nspawn with args None
DEBUG util.py:558:  Executing command: ['/usr/bin/systemd-nspawn', '-q', '-M', 'e05e73d0fa764d9bbced36e77492a3b6', '-D', '/var/lib/mock/alma+epel-9-x86_64-bootstrap/root', '-a', '--console=pipe', '--setenv=TERM=vt100', '--setenv=SHELL=/bin/sh', '--setenv=HOME=/builddir', '--setenv=HOSTNAME=mock', '--setenv=PATH=/usr/bin:/bin:/usr/sbin:/sbin', '--setenv=LANG=C.UTF-8', '--resolv-conf=off', 'rpm', '-q', 'rpm', 'rpm-sequoia', 'python3-dnf', 'python3-dnf-plugins-core', 'yum', 'yum-utils', 'dnf5', 'dnf5-plugins'] with env {'TERM': 'vt100', 'SHELL': '/bin/sh', 'HOME': '/builddir', 'HOSTNAME': 'mock', 'PATH': '/usr/bin:/bin:/usr/sbin:/sbin', 'LANG': 'C.UTF-8', 'SYSTEMD_NSPAWN_TMPFS_TMP': '0', 'SYSTEMD_SECCOMP': '0'} and shell False
DEBUG util.py:463:  rpm-4.16.1.3-39.el9.x86_64
DEBUG util.py:463:  package rpm-sequoia is not installed
DEBUG util.py:463:  python3-dnf-4.14.0-31.el9.alma.1.noarch
DEBUG util.py:463:  python3-dnf-plugins-core-4.3.0-24.el9_7.noarch
DEBUG util.py:463:  yum-4.14.0-31.el9.alma.1.noarch
DEBUG util.py:463:  package yum-utils is not installed
DEBUG util.py:463:  package dnf5 is not installed
DEBUG util.py:463:  package dnf5-plugins is not installed
DEBUG util.py:610:  Child return code was: 4
INFO package_manager.py:201:  Buildroot is handled by package management downloaded with a bootstrap image:
  rpm-4.16.1.3-39.el9.x86_64
  python3-dnf-4.14.0-31.el9.alma.1.noarch
  python3-dnf-plugins-core-4.3.0-24.el9_7.noarch
  yum-4.14.0-31.el9.alma.1.noarch
DEBUG file_util.py:17:  ensuring that dir exists: /var/lib/mock/alma+epel-9-x86_64-bootstrap/root/var/lib/mock/alma+epel-9-x86_64/root
DEBUG util.py:636:  child environment: None
DEBUG util.py:558:  Executing command: ['/bin/mount', '-n', '-t', 'tmpfs', '-o', 'private,mode=0755', 'tmpfs', '/var/lib/mock/alma+epel-9-x86_64-bootstrap/root/var/lib/mock/alma+epel-9-x86_64/root'] with env {'TERM': 'vt100', 'SHELL': '/bin/sh', 'HOME': '/builddir', 'HOSTNAME': 'mock', 'PATH': '/usr/bin:/bin:/usr/sbin:/sbin', 'LANG': 'C.UTF-8'} and shell False
DEBUG util.py:610:  Child return code was: 0
DEBUG file_util.py:17:  ensuring that dir exists: /var/lib/mock/alma+epel-9-x86_64-bootstrap/root/var/lib/mock/alma+epel-9-x86_64/root
DEBUG util.py:636:  child environment: None
DEBUG util.py:558:  Executing command: ['/bin/mount', '-n', '-o', 'rbind', '/var/lib/mock/alma+epel-9-x86_64/root', '/var/lib/mock/alma+epel-9-x86_64-bootstrap/root/var/lib/mock/alma+epel-9-x86_64/root'] with env {'TERM': 'vt100', 'SHELL': '/bin/sh', 'HOME': '/builddir', 'HOSTNAME': 'mock', 'PATH': '/usr/bin:/bin:/usr/sbin:/sbin', 'LANG': 'C.UTF-8'} and shell False
DEBUG util.py:610:  Child return code was: 0
DEBUG util.py:636:  child environment: None
DEBUG util.py:558:  Executing command: ['/bin/mount', '-n', '-o', 'remount,private,rbind', '--target', '/var/lib/mock/alma+epel-9-x86_64-bootstrap/root/var/lib/mock/alma+epel-9-x86_64/root'] with env {'TERM': 'vt100', 'SHELL': '/bin/sh', 'HOME': '/builddir', 'HOSTNAME': 'mock', 'PATH': '/usr/bin:/bin:/usr/sbin:/sbin', 'LANG': 'C.UTF-8'} and shell False
DEBUG util.py:610:  Child return code was: 0
DEBUG util.py:636:  child environment: None
DEBUG util.py:553:  Using nspawn with args ['--capability=cap_ipc_lock', '--bind=/tmp/mock-resolv.ashqs1x8:/etc/resolv.conf']
DEBUG util.py:558:  Executing command: ['/usr/bin/systemd-nspawn', '-q', '-M', '2aa5ec9c80ef4348a4960686b84be36f', '-D', '/var/lib/mock/alma+epel-9-x86_64-bootstrap/root', '-a', '--capability=cap_ipc_lock', '--bind=/tmp/mock-resolv.ashqs1x8:/etc/resolv.conf', '--console=pipe', '--setenv=TERM=vt100', '--setenv=SHELL=/bin/bash', '--setenv=HOME=/builddir', '--setenv=HOSTNAME=mock', '--setenv=PATH=/usr/bin:/bin:/usr/sbin:/sbin', '--setenv=PROMPT_COMMAND=printf "\\033]0;<mock-chroot>\\007"', '--setenv=PS1=<mock-chroot> \\s-\\v\\$ ', '--setenv=LANG=C.UTF-8', '--resolv-conf=off', '/bin/rpm', '-qa', '--root', '/var/lib/mock/alma+epel-9-x86_64/root'] with env {'TERM': 'vt100', 'SHELL': '/bin/bash', 'HOME': '/builddir', 'HOSTNAME': 'mock', 'PATH': '/usr/bin:/bin:/usr/sbin:/sbin', 'PROMPT_COMMAND': 'printf "\\033]0;<mock-chroot>\\007"', 'PS1': '<mock-chroot> \\s-\\v\\$ ', 'LANG': 'C.UTF-8', 'SYSTEMD_NSPAWN_TMPFS_TMP': '0', 'SYSTEMD_SECCOMP': '0'} and shell False
DEBUG util.py:463:  gpg-pubkey-b86b3716-61e69f29
DEBUG util.py:463:  gpg-pubkey-3228467c-613798eb
DEBUG util.py:463:  rust-srpm-macros-17-4.el9.noarch
DEBUG util.py:463:  rust-srpm-macros-epel-26.3-1.el9.noarch
DEBUG util.py:463:  qt6-srpm-macros-6.6.2-1.el9.noarch
DEBUG util.py:463:  ghc-srpm-macros-epel-1.9.1-1.el9.noarch
DEBUG util.py:463:  fpc-srpm-macros-1.3-7.el9.noarch
DEBUG util.py:463:  ansible-srpm-macros-1-16.el9.noarch
DEBUG util.py:463:  qt5-srpm-macros-5.15.9-1.el9.noarch
DEBUG util.py:463:  perl-srpm-macros-1-41.el9.noarch
DEBUG util.py:463:  openblas-srpm-macros-2-11.el9.noarch
DEBUG util.py:463:  ocaml-srpm-macros-6-6.el9.noarch
DEBUG util.py:463:  ghc-srpm-macros-1.5.0-6.el9.noarch
DEBUG util.py:463:  tzdata-2026a-1.el9.noarch
DEBUG util.py:463:  publicsuffix-list-dafsa-20210518-3.el9.noarch
DEBUG util.py:463:  pkgconf-m4-1.7.3-10.el9.noarch
DEBUG util.py:463:  pcre2-syntax-10.40-6.el9.noarch
DEBUG util.py:463:  ncurses-base-6.2-12.20210508.el9.noarch
DEBUG util.py:463:  libssh-config-0.10.4-17.el9_7.noarch
DEBUG util.py:463:  coreutils-common-8.32-39.el9.x86_64
DEBUG util.py:463:  almalinux-gpg-keys-9.7-1.el9.x86_64
DEBUG util.py:463:  almalinux-release-9.7-1.el9.x86_64
DEBUG util.py:463:  almalinux-repos-9.7-1.el9.x86_64
DEBUG util.py:463:  setup-2.13.7-10.el9.noarch
DEBUG util.py:463:  filesystem-3.16-5.el9.x86_64
DEBUG util.py:463:  basesystem-11-13.el9.noarch
DEBUG util.py:463:  ncurses-libs-6.2-12.20210508.el9.x86_64
DEBUG util.py:463:  bash-5.1.8-9.el9.x86_64
DEBUG util.py:463:  glibc-gconv-extra-2.34-231.el9_7.10.x86_64
DEBUG util.py:463:  libgcc-11.5.0-11.el9.alma.1.x86_64
DEBUG util.py:463:  glibc-minimal-langpack-2.34-231.el9_7.10.x86_64
DEBUG util.py:463:  glibc-common-2.34-231.el9_7.10.x86_64
DEBUG util.py:463:  glibc-2.34-231.el9_7.10.x86_64
DEBUG util.py:463:  zlib-1.2.11-40.el9.x86_64
DEBUG util.py:463:  xz-libs-5.2.5-8.el9_0.x86_64
DEBUG util.py:463:  bzip2-libs-1.0.8-10.el9_5.x86_64
DEBUG util.py:463:  libzstd-1.5.5-1.el9.x86_64
DEBUG util.py:463:  elfutils-libelf-0.193-1.el9.alma.1.x86_64
DEBUG util.py:463:  libstdc++-11.5.0-11.el9.alma.1.x86_64
DEBUG util.py:463:  libxcrypt-4.4.18-3.el9.x86_64
DEBUG util.py:463:  libuuid-2.37.4-21.el9_7.x86_64
DEBUG util.py:463:  gmp-6.2.0-13.el9.x86_64
DEBUG util.py:463:  libattr-2.5.1-3.el9.x86_64
DEBUG util.py:463:  libacl-2.3.1-4.el9.x86_64
DEBUG util.py:463:  libcap-2.48-10.el9_7.1.x86_64
DEBUG util.py:463:  popt-1.18-8.el9.x86_64
DEBUG util.py:463:  libcom_err-1.46.5-8.el9.x86_64
DEBUG util.py:463:  lz4-libs-1.9.3-5.el9.x86_64
DEBUG util.py:463:  readline-8.1-4.el9.x86_64
DEBUG util.py:463:  crypto-policies-20250905-1.git377cc42.el9_7.noarch
DEBUG util.py:463:  mpfr-4.1.0-7.el9.x86_64
DEBUG util.py:463:  dwz-0.16-1.el9.x86_64
DEBUG util.py:463:  unzip-6.0-59.el9.x86_64
DEBUG util.py:463:  file-libs-5.39-16.el9.x86_64
DEBUG util.py:463:  file-5.39-16.el9.x86_64
DEBUG util.py:463:  sqlite-libs-3.34.1-9.el9_7.x86_64
DEBUG util.py:463:  alternatives-1.24-2.el9.x86_64
DEBUG util.py:463:  libcap-ng-0.8.2-7.el9.x86_64
DEBUG util.py:463:  audit-libs-3.1.5-7.el9.x86_64
DEBUG util.py:463:  libffi-3.4.2-8.el9.x86_64
DEBUG util.py:463:  libsepol-3.6-3.el9.x86_64
DEBUG util.py:463:  libsigsegv-2.13-4.el9.x86_64
DEBUG util.py:463:  gawk-5.1.0-6.el9.x86_64
DEBUG util.py:463:  libsmartcols-2.37.4-21.el9_7.x86_64
DEBUG util.py:463:  libtasn1-4.16.0-9.el9.x86_64
DEBUG util.py:463:  p11-kit-0.25.3-3.el9_5.x86_64
DEBUG util.py:463:  libunistring-0.9.10-15.el9.x86_64
DEBUG util.py:463:  libidn2-2.3.0-7.el9.x86_64
DEBUG util.py:463:  lua-libs-5.4.4-4.el9.x86_64
DEBUG util.py:463:  libpsl-0.21.1-5.el9.x86_64
DEBUG util.py:463:  p11-kit-trust-0.25.3-3.el9_5.x86_64
DEBUG util.py:463:  zip-3.0-35.el9.x86_64
DEBUG util.py:463:  zstd-1.5.5-1.el9.x86_64
DEBUG util.py:463:  groff-base-1.22.4-10.el9.x86_64
DEBUG util.py:463:  bzip2-1.0.8-10.el9_5.x86_64
DEBUG util.py:463:  libxml2-2.9.13-14.el9_7.x86_64
DEBUG util.py:463:  info-6.7-15.el9.x86_64
DEBUG util.py:463:  ed-1.14.2-12.el9.x86_64
DEBUG util.py:463:  cpio-2.13-16.el9.x86_64
DEBUG util.py:463:  diffutils-3.7-12.el9.x86_64
DEBUG util.py:463:  gdbm-libs-1.23-1.el9.x86_64
DEBUG util.py:463:  json-c-0.14-11.el9.x86_64
DEBUG util.py:463:  keyutils-libs-1.6.3-1.el9.x86_64
DEBUG util.py:463:  libbrotli-1.0.9-9.el9_7.x86_64
DEBUG util.py:463:  libdb-5.3.28-57.el9_6.x86_64
DEBUG util.py:463:  libeconf-0.4.1-4.el9.x86_64
DEBUG util.py:463:  libgomp-11.5.0-11.el9.alma.1.x86_64
DEBUG util.py:463:  libgpg-error-1.42-5.el9.x86_64
DEBUG util.py:463:  libgcrypt-1.10.0-11.el9.x86_64
DEBUG util.py:463:  libnghttp2-1.43.0-6.el9_7.1.x86_64
DEBUG util.py:463:  libpkgconf-1.7.3-10.el9.x86_64
DEBUG util.py:463:  pkgconf-1.7.3-10.el9.x86_64
DEBUG util.py:463:  pkgconf-pkg-config-1.7.3-10.el9.x86_64
DEBUG util.py:463:  libtool-ltdl-2.4.6-46.el9.x86_64
DEBUG util.py:463:  libverto-0.3.2-3.el9.x86_64
DEBUG util.py:463:  ncurses-6.2-12.20210508.el9.x86_64
DEBUG util.py:463:  pcre-8.44-4.el9.x86_64
DEBUG util.py:463:  grep-3.6-5.el9.x86_64
DEBUG util.py:463:  xz-5.2.5-8.el9_0.x86_64
DEBUG util.py:463:  pcre2-10.40-6.el9.x86_64
DEBUG util.py:463:  libselinux-3.6-3.el9.x86_64
DEBUG util.py:463:  sed-4.8-9.el9.x86_64
DEBUG util.py:463:  findutils-4.8.0-7.el9.x86_64
DEBUG util.py:463:  openssl-fips-provider-3.5.1-7.el9_7.x86_64
DEBUG util.py:463:  openssl-libs-3.5.1-7.el9_7.x86_64
DEBUG util.py:463:  coreutils-8.32-39.el9.x86_64
DEBUG util.py:463:  ca-certificates-2025.2.80_v9.0.305-91.el9.noarch
DEBUG util.py:463:  libblkid-2.37.4-21.el9_7.x86_64
DEBUG util.py:463:  krb5-libs-1.21.1-9.el9_7.x86_64
DEBUG util.py:463:  libmount-2.37.4-21.el9_7.x86_64
DEBUG util.py:463:  gzip-1.12-1.el9.x86_64
DEBUG util.py:463:  cracklib-2.9.6-27.el9.x86_64
DEBUG util.py:463:  systemd-libs-252-55.el9_7.8.alma.1.x86_64
DEBUG util.py:463:  libarchive-3.5.3-9.el9_7.x86_64
DEBUG util.py:463:  util-linux-core-2.37.4-21.el9_7.x86_64
DEBUG util.py:463:  cracklib-dicts-2.9.6-27.el9.x86_64
DEBUG util.py:463:  cyrus-sasl-lib-2.1.27-22.el9.x86_64
DEBUG util.py:463:  libssh-0.10.4-17.el9_7.x86_64
DEBUG util.py:463:  libfdisk-2.37.4-21.el9_7.x86_64
DEBUG util.py:463:  perl-Digest-1.19-4.el9.noarch
DEBUG util.py:463:  perl-Digest-MD5-2.58-4.el9.x86_64
DEBUG util.py:463:  perl-B-1.80-481.1.el9_6.x86_64
DEBUG util.py:463:  perl-FileHandle-2.03-481.1.el9_6.noarch
DEBUG util.py:463:  perl-Data-Dumper-2.174-462.el9.x86_64
DEBUG util.py:463:  perl-libnet-3.13-4.el9.noarch
DEBUG util.py:463:  perl-AutoLoader-5.74-481.1.el9_6.noarch
DEBUG util.py:463:  perl-base-2.27-481.1.el9_6.noarch
DEBUG util.py:463:  perl-URI-5.09-3.el9.noarch
DEBUG util.py:463:  perl-if-0.60.800-481.1.el9_6.noarch
DEBUG util.py:463:  perl-IO-Socket-IP-0.41-5.el9.noarch
DEBUG util.py:463:  perl-Time-Local-1.300-7.el9.noarch
DEBUG util.py:463:  perl-File-Path-2.18-4.el9.noarch
DEBUG util.py:463:  perl-IO-Socket-SSL-2.073-2.el9.noarch
DEBUG util.py:463:  perl-Net-SSLeay-1.94-3.el9.x86_64
DEBUG util.py:463:  perl-Pod-Escapes-1.07-460.el9.noarch
DEBUG util.py:463:  perl-Text-Tabs+Wrap-2013.0523-460.el9.noarch
DEBUG util.py:463:  perl-Mozilla-CA-20200520-6.el9.noarch
DEBUG util.py:463:  perl-Class-Struct-0.66-481.1.el9_6.noarch
DEBUG util.py:463:  perl-POSIX-1.94-481.1.el9_6.x86_64
DEBUG util.py:463:  perl-Term-ANSIColor-5.01-461.el9.noarch
DEBUG util.py:463:  perl-IPC-Open3-1.21-481.1.el9_6.noarch
DEBUG util.py:463:  perl-subs-1.03-481.1.el9_6.noarch
DEBUG util.py:463:  perl-File-Temp-0.231.100-4.el9.noarch
DEBUG util.py:463:  perl-Term-Cap-1.17-460.el9.noarch
DEBUG util.py:463:  perl-Pod-Simple-3.42-4.el9.noarch
DEBUG util.py:463:  perl-HTTP-Tiny-0.076-462.el9.noarch
DEBUG util.py:463:  perl-Socket-2.031-4.el9.x86_64
DEBUG util.py:463:  perl-SelectSaver-1.02-481.1.el9_6.noarch
DEBUG util.py:463:  perl-Symbol-1.08-481.1.el9_6.noarch
DEBUG util.py:463:  perl-File-stat-1.09-481.1.el9_6.noarch
DEBUG util.py:463:  perl-podlators-4.14-460.el9.noarch
DEBUG util.py:463:  perl-Pod-Perldoc-3.28.01-461.el9.noarch
DEBUG util.py:463:  perl-Fcntl-1.13-481.1.el9_6.x86_64
DEBUG util.py:463:  perl-Text-ParseWords-3.30-460.el9.noarch
DEBUG util.py:463:  perl-mro-1.23-481.1.el9_6.x86_64
DEBUG util.py:463:  perl-IO-1.43-481.1.el9_6.x86_64
DEBUG util.py:463:  perl-overloading-0.02-481.1.el9_6.noarch
DEBUG util.py:463:  perl-Pod-Usage-2.01-4.el9.noarch
DEBUG util.py:463:  perl-Errno-1.30-481.1.el9_6.x86_64
DEBUG util.py:463:  perl-File-Basename-2.85-481.1.el9_6.noarch
DEBUG util.py:463:  perl-Getopt-Std-1.12-481.1.el9_6.noarch
DEBUG util.py:463:  perl-MIME-Base64-3.16-4.el9.x86_64
DEBUG util.py:463:  perl-Scalar-List-Utils-1.56-462.el9.x86_64
DEBUG util.py:463:  perl-constant-1.33-461.el9.noarch
DEBUG util.py:463:  perl-Storable-3.21-460.el9.x86_64
DEBUG util.py:463:  perl-overload-1.31-481.1.el9_6.noarch
DEBUG util.py:463:  perl-parent-0.238-460.el9.noarch
DEBUG util.py:463:  perl-vars-1.05-481.1.el9_6.noarch
DEBUG util.py:463:  perl-Getopt-Long-2.52-4.el9.noarch
DEBUG util.py:463:  perl-Carp-1.50-460.el9.noarch
DEBUG util.py:463:  perl-Exporter-5.74-461.el9.noarch
DEBUG util.py:463:  perl-PathTools-3.78-461.el9.x86_64
DEBUG util.py:463:  perl-Encode-3.08-462.el9.x86_64
DEBUG util.py:463:  perl-libs-5.32.1-481.1.el9_6.x86_64
DEBUG util.py:463:  perl-interpreter-5.32.1-481.1.el9_6.x86_64
DEBUG util.py:463:  kernel-srpm-macros-1.0-14.el9.noarch
DEBUG util.py:463:  openssl-3.5.1-7.el9_7.x86_64
DEBUG util.py:463:  libpwquality-1.4.4-8.el9.x86_64
DEBUG util.py:463:  pam-1.5.1-26.el9_6.x86_64
DEBUG util.py:463:  libevent-2.1.12-8.el9_4.x86_64
DEBUG util.py:463:  libsemanage-3.6-5.el9_6.x86_64
DEBUG util.py:463:  shadow-utils-4.9-15.el9.x86_64
DEBUG util.py:463:  libutempter-1.2.1-6.el9.x86_64
DEBUG util.py:463:  openldap-2.6.8-4.el9.x86_64
DEBUG util.py:463:  libcurl-7.76.1-35.el9_7.3.x86_64
DEBUG util.py:463:  curl-7.76.1-35.el9_7.3.x86_64
DEBUG util.py:463:  rpm-libs-4.16.1.3-39.el9.x86_64
DEBUG util.py:463:  rpm-4.16.1.3-39.el9.x86_64
DEBUG util.py:463:  efi-srpm-macros-6-4.el9.noarch
DEBUG util.py:463:  lua-srpm-macros-1-6.el9.noarch
DEBUG util.py:463:  rpmautospec-rpm-macros-0.8.4-1.el9.noarch
DEBUG util.py:463:  tar-1.34-9.el9_7.x86_64
DEBUG util.py:463:  patch-2.7.6-16.el9.x86_64
DEBUG util.py:463:  elfutils-default-yama-scope-0.193-1.el9.alma.1.noarch
DEBUG util.py:463:  elfutils-libs-0.193-1.el9.alma.1.x86_64
DEBUG util.py:463:  elfutils-debuginfod-client-0.193-1.el9.alma.1.x86_64
DEBUG util.py:463:  binutils-gold-2.35.2-67.el9_7.1.x86_64
DEBUG util.py:463:  binutils-2.35.2-67.el9_7.1.x86_64
DEBUG util.py:463:  elfutils-0.193-1.el9.alma.1.x86_64
DEBUG util.py:463:  gdb-minimal-16.3-2.el9.x86_64
DEBUG util.py:463:  debugedit-5.0-11.el9.x86_64
DEBUG util.py:463:  rpm-build-libs-4.16.1.3-39.el9.x86_64
DEBUG util.py:463:  fonts-srpm-macros-2.0.5-7.el9.1.noarch
DEBUG util.py:463:  go-srpm-macros-3.6.0-14.el9_7.noarch
DEBUG util.py:463:  python-srpm-macros-3.9-54.el9.noarch
DEBUG util.py:463:  redhat-rpm-config-210-1.el9.alma.1.noarch
DEBUG util.py:463:  rpm-build-4.16.1.3-39.el9.x86_64
DEBUG util.py:463:  pyproject-srpm-macros-1.16.2-1.el9.noarch
DEBUG util.py:463:  forge-srpm-macros-0.4.0-1.el9.noarch
DEBUG util.py:463:  go-srpm-macros-epel-3.8.0-1.el9.noarch
DEBUG util.py:463:  R-srpm-macros-1.3.7-1.el9.noarch
DEBUG util.py:463:  epel-rpm-macros-9-18.el9.noarch
DEBUG util.py:463:  util-linux-2.37.4-21.el9_7.x86_64
DEBUG util.py:463:  which-2.21-30.el9_6.x86_64
DEBUG util.py:610:  Child return code was: 0
DEBUG util.py:185:  kill orphans in chroot /var/lib/mock/alma+epel-9-x86_64/root
DEBUG util.py:185:  kill orphans in chroot /var/lib/mock/alma+epel-9-x86_64-bootstrap/root/var/lib/mock/alma+epel-9-x86_64/root
DEBUG util.py:636:  child environment: None
DEBUG util.py:558:  Executing command: ['/bin/umount', '-n', '-l', '/var/lib/mock/alma+epel-9-x86_64-bootstrap/root/var/lib/mock/alma+epel-9-x86_64/root'] with env {'TERM': 'vt100', 'SHELL': '/bin/sh', 'HOME': '/builddir', 'HOSTNAME': 'mock', 'PATH': '/usr/bin:/bin:/usr/sbin:/sbin', 'LANG': 'C.UTF-8'} and shell False
DEBUG util.py:610:  Child return code was: 0
DEBUG util.py:636:  child environment: None
DEBUG util.py:558:  Executing command: ['/bin/umount', '-n', '-l', '/var/lib/mock/alma+epel-9-x86_64-bootstrap/root/var/lib/mock/alma+epel-9-x86_64/root'] with env {'TERM': 'vt100', 'SHELL': '/bin/sh', 'HOME': '/builddir', 'HOSTNAME': 'mock', 'PATH': '/usr/bin:/bin:/usr/sbin:/sbin', 'LANG': 'C.UTF-8'} and shell False
DEBUG util.py:610:  Child return code was: 0
DEBUG file_util.py:17:  ensuring that dir exists: /var/lib/mock/alma+epel-9-x86_64/root/proc
DEBUG util.py:636:  child environment: None
DEBUG util.py:558:  Executing command: ['/bin/mount', '-n', '-t', 'tmpfs', '-o', 'rprivate,mode=0755', 'tmpfs', '/var/lib/mock/alma+epel-9-x86_64/root/proc'] with env {'TERM': 'vt100', 'SHELL': '/bin/sh', 'HOME': '/builddir', 'HOSTNAME': 'mock', 'PATH': '/usr/bin:/bin:/usr/sbin:/sbin', 'LANG': 'C.UTF-8'} and shell False
DEBUG util.py:610:  Child return code was: 0
DEBUG file_util.py:17:  ensuring that dir exists: /var/lib/mock/alma+epel-9-x86_64/root/proc
DEBUG util.py:636:  child environment: None
DEBUG util.py:558:  Executing command: ['/bin/mount', '-n', '-o', 'rbind', '/proc', '/var/lib/mock/alma+epel-9-x86_64/root/proc'] with env {'TERM': 'vt100', 'SHELL': '/bin/sh', 'HOME': '/builddir', 'HOSTNAME': 'mock', 'PATH': '/usr/bin:/bin:/usr/sbin:/sbin', 'LANG': 'C.UTF-8'} and shell False
DEBUG util.py:610:  Child return code was: 0
DEBUG util.py:636:  child environment: None
DEBUG util.py:558:  Executing command: ['/bin/mount', '-n', '-o', 'remount,nodev,noexec,nosuid,readonly,rprivate,rbind', '--target', '/var/lib/mock/alma+epel-9-x86_64/root/proc'] with env {'TERM': 'vt100', 'SHELL': '/bin/sh', 'HOME': '/builddir', 'HOSTNAME': 'mock', 'PATH': '/usr/bin:/bin:/usr/sbin:/sbin', 'LANG': 'C.UTF-8'} and shell False
DEBUG util.py:610:  Child return code was: 0
DEBUG file_util.py:17:  ensuring that dir exists: /var/lib/mock/alma+epel-9-x86_64/root/sys
DEBUG util.py:636:  child environment: None
DEBUG util.py:558:  Executing command: ['/bin/mount', '-n', '-t', 'tmpfs', '-o', 'rprivate,mode=0755', 'tmpfs', '/var/lib/mock/alma+epel-9-x86_64/root/sys'] with env {'TERM': 'vt100', 'SHELL': '/bin/sh', 'HOME': '/builddir', 'HOSTNAME': 'mock', 'PATH': '/usr/bin:/bin:/usr/sbin:/sbin', 'LANG': 'C.UTF-8'} and shell False
DEBUG util.py:610:  Child return code was: 0
DEBUG file_util.py:17:  ensuring that dir exists: /var/lib/mock/alma+epel-9-x86_64/root/sys
DEBUG util.py:636:  child environment: None
DEBUG util.py:558:  Executing command: ['/bin/mount', '-n', '-o', 'rbind', '/sys', '/var/lib/mock/alma+epel-9-x86_64/root/sys'] with env {'TERM': 'vt100', 'SHELL': '/bin/sh', 'HOME': '/builddir', 'HOSTNAME': 'mock', 'PATH': '/usr/bin:/bin:/usr/sbin:/sbin', 'LANG': 'C.UTF-8'} and shell False
DEBUG util.py:610:  Child return code was: 0
DEBUG util.py:636:  child environment: None
DEBUG util.py:558:  Executing command: ['/bin/mount', '-n', '-o', 'remount,nodev,noexec,nosuid,readonly,rprivate,rbind', '--target', '/var/lib/mock/alma+epel-9-x86_64/root/sys'] with env {'TERM': 'vt100', 'SHELL': '/bin/sh', 'HOME': '/builddir', 'HOSTNAME': 'mock', 'PATH': '/usr/bin:/bin:/usr/sbin:/sbin', 'LANG': 'C.UTF-8'} and shell False
DEBUG util.py:610:  Child return code was: 0
DEBUG file_util.py:17:  ensuring that dir exists: /var/lib/mock/alma+epel-9-x86_64/root/dev/shm
DEBUG util.py:636:  child environment: None
DEBUG util.py:558:  Executing command: ['/bin/mount', '-n', '-t', 'tmpfs', 'tmpfs', '/var/lib/mock/alma+epel-9-x86_64/root/dev/shm'] with env {'TERM': 'vt100', 'SHELL': '/bin/sh', 'HOME': '/builddir', 'HOSTNAME': 'mock', 'PATH': '/usr/bin:/bin:/usr/sbin:/sbin', 'LANG': 'C.UTF-8'} and shell False
DEBUG util.py:610:  Child return code was: 0
DEBUG file_util.py:17:  ensuring that dir exists: /var/lib/mock/alma+epel-9-x86_64/root/dev/pts
DEBUG util.py:636:  child environment: None
DEBUG util.py:558:  Executing command: ['/bin/mount', '-n', '-t', 'devpts', '-o', 'gid=5,mode=0620,ptmxmode=0666,newinstance', 'devpts', '/var/lib/mock/alma+epel-9-x86_64/root/dev/pts'] with env {'TERM': 'vt100', 'SHELL': '/bin/sh', 'HOME': '/builddir', 'HOSTNAME': 'mock', 'PATH': '/usr/bin:/bin:/usr/sbin:/sbin', 'LANG': 'C.UTF-8'} and shell False
DEBUG util.py:610:  Child return code was: 0
DEBUG util.py:636:  child environment: None
DEBUG util.py:558:  Executing command: ['/bin/mount', '-n', '-o', 'bind', '/tmp/mock-selinux-plugin.urgi3na9', '/var/lib/mock/alma+epel-9-x86_64/root/proc/filesystems'] with env {'TERM': 'vt100', 'SHELL': '/bin/sh', 'HOME': '/builddir', 'HOSTNAME': 'mock', 'PATH': '/usr/bin:/bin:/usr/sbin:/sbin', 'LANG': 'C.UTF-8'} and shell False
DEBUG util.py:610:  Child return code was: 0
DEBUG file_util.py:17:  ensuring that dir exists: /var/lib/mock/alma+epel-9-x86_64/root/sys/fs/selinux
DEBUG util.py:636:  child environment: None
DEBUG util.py:558:  Executing command: ['/bin/mount', '-n', '-t', 'tmpfs', 'tmpfs', '/var/lib/mock/alma+epel-9-x86_64/root/sys/fs/selinux'] with env {'TERM': 'vt100', 'SHELL': '/bin/sh', 'HOME': '/builddir', 'HOSTNAME': 'mock', 'PATH': '/usr/bin:/bin:/usr/sbin:/sbin', 'LANG': 'C.UTF-8'} and shell False
DEBUG util.py:610:  Child return code was: 0
DEBUG file_util.py:17:  ensuring that dir exists: /var/lib/mock/alma+epel-9-x86_64-bootstrap/root/var/lib/mock/alma+epel-9-x86_64/root
DEBUG util.py:636:  child environment: None
DEBUG util.py:558:  Executing command: ['/bin/mount', '-n', '-t', 'tmpfs', '-o', 'private,mode=0755', 'tmpfs', '/var/lib/mock/alma+epel-9-x86_64-bootstrap/root/var/lib/mock/alma+epel-9-x86_64/root'] with env {'TERM': 'vt100', 'SHELL': '/bin/sh', 'HOME': '/builddir', 'HOSTNAME': 'mock', 'PATH': '/usr/bin:/bin:/usr/sbin:/sbin', 'LANG': 'C.UTF-8'} and shell False
DEBUG util.py:610:  Child return code was: 0
DEBUG file_util.py:17:  ensuring that dir exists: /var/lib/mock/alma+epel-9-x86_64-bootstrap/root/var/lib/mock/alma+epel-9-x86_64/root
DEBUG util.py:636:  child environment: None
DEBUG util.py:558:  Executing command: ['/bin/mount', '-n', '-o', 'rbind', '/var/lib/mock/alma+epel-9-x86_64/root', '/var/lib/mock/alma+epel-9-x86_64-bootstrap/root/var/lib/mock/alma+epel-9-x86_64/root'] with env {'TERM': 'vt100', 'SHELL': '/bin/sh', 'HOME': '/builddir', 'HOSTNAME': 'mock', 'PATH': '/usr/bin:/bin:/usr/sbin:/sbin', 'LANG': 'C.UTF-8'} and shell False
DEBUG util.py:610:  Child return code was: 0
DEBUG util.py:636:  child environment: None
DEBUG util.py:558:  Executing command: ['/bin/mount', '-n', '-o', 'remount,private,rbind', '--target', '/var/lib/mock/alma+epel-9-x86_64-bootstrap/root/var/lib/mock/alma+epel-9-x86_64/root'] with env {'TERM': 'vt100', 'SHELL': '/bin/sh', 'HOME': '/builddir', 'HOSTNAME': 'mock', 'PATH': '/usr/bin:/bin:/usr/sbin:/sbin', 'LANG': 'C.UTF-8'} and shell False
DEBUG util.py:610:  Child return code was: 0
DEBUG file_util.py:17:  ensuring that dir exists: /var/lib/mock/alma+epel-9-x86_64/root/installation-homedir
DEBUG package_manager.py:295:  ['/usr/bin/dnf-3', '--installroot', '/var/lib/mock/alma+epel-9-x86_64/root/', '-y', '--releasever', '9', '--setopt=deltarpm=False', '--setopt=allow_vendor_change=yes', '--allowerasing', '--disableplugin=local', '--disableplugin=spacewalk', '--disableplugin=versionlock', 'update']
DEBUG util.py:636:  child environment: None
DEBUG util.py:553:  Using nspawn with args ['--capability=cap_ipc_lock', '--bind=/tmp/mock-resolv.ashqs1x8:/etc/resolv.conf']
DEBUG util.py:558:  Executing command: ['/usr/bin/systemd-nspawn', '-q', '-M', '5cfee5b7d71c493ca88d56f8858ed946', '-D', '/var/lib/mock/alma+epel-9-x86_64-bootstrap/root', '-a', '--capability=cap_ipc_lock', '--bind=/tmp/mock-resolv.ashqs1x8:/etc/resolv.conf', '--console=pipe', '--setenv=TERM=vt100', '--setenv=SHELL=/bin/bash', '--setenv=HOME=/var/lib/mock/alma+epel-9-x86_64/root/installation-homedir', '--setenv=HOSTNAME=mock', '--setenv=PATH=/usr/bin:/bin:/usr/sbin:/sbin', '--setenv=PROMPT_COMMAND=printf "\\033]0;<mock-chroot>\\007"', '--setenv=PS1=<mock-chroot> \\s-\\v\\$ ', '--setenv=LANG=C.UTF-8', '--setenv=LC_MESSAGES=C.UTF-8', '--resolv-conf=off', '/usr/bin/dnf-3', '--installroot', '/var/lib/mock/alma+epel-9-x86_64/root/', '-y', '--releasever', '9', '--setopt=deltarpm=False', '--setopt=allow_vendor_change=yes', '--allowerasing', '--disableplugin=local', '--disableplugin=spacewalk', '--disableplugin=versionlock', 'update', '--setopt=tsflags=nocontexts'] with env {'TERM': 'vt100', 'SHELL': '/bin/bash', 'HOME': '/var/lib/mock/alma+epel-9-x86_64/root/installation-homedir', 'HOSTNAME': 'mock', 'PATH': '/usr/bin:/bin:/usr/sbin:/sbin', 'PROMPT_COMMAND': 'printf "\\033]0;<mock-chroot>\\007"', 'PS1': '<mock-chroot> \\s-\\v\\$ ', 'LANG': 'C.UTF-8', 'LC_MESSAGES': 'C.UTF-8', 'SYSTEMD_NSPAWN_TMPFS_TMP': '0', 'SYSTEMD_SECCOMP': '0'} and shell False
DEBUG util.py:461:  No matches found for the following disable plugin patterns: local, spacewalk, versionlock
DEBUG util.py:463:  AlmaLinux 9 - BaseOS                                                                                                                                         2.1 kB/s | 3.8 kB     00:01    
DEBUG util.py:463:  AlmaLinux 9 - AppStream                                                                                                                                      2.4 kB/s | 4.2 kB     00:01    
DEBUG util.py:463:  AlmaLinux 9 - CRB                                                                                                                                            2.8 kB/s | 4.2 kB     00:01    
DEBUG util.py:463:  AlmaLinux 9 - Extras                                                                                                                                         2.6 kB/s | 3.3 kB     00:01    
DEBUG util.py:463:  Extra Packages for Enterprise Linux 9 - x86_64                                                                                                                28 kB/s |  34 kB     00:01    
DEBUG util.py:463:  Dependencies resolved.
DEBUG util.py:463:  Nothing to do.
DEBUG util.py:463:  Complete!
DEBUG util.py:610:  Child return code was: 0
DEBUG util.py:185:  kill orphans in chroot /var/lib/mock/alma+epel-9-x86_64/root
DEBUG util.py:185:  kill orphans in chroot /var/lib/mock/alma+epel-9-x86_64-bootstrap/root/var/lib/mock/alma+epel-9-x86_64/root
DEBUG util.py:636:  child environment: None
DEBUG util.py:558:  Executing command: ['/bin/umount', '-n', '-l', '/var/lib/mock/alma+epel-9-x86_64-bootstrap/root/var/lib/mock/alma+epel-9-x86_64/root'] with env {'TERM': 'vt100', 'SHELL': '/bin/sh', 'HOME': '/builddir', 'HOSTNAME': 'mock', 'PATH': '/usr/bin:/bin:/usr/sbin:/sbin', 'LANG': 'C.UTF-8'} and shell False
DEBUG util.py:610:  Child return code was: 0
DEBUG util.py:636:  child environment: None
DEBUG util.py:558:  Executing command: ['/bin/umount', '-n', '-l', '/var/lib/mock/alma+epel-9-x86_64-bootstrap/root/var/lib/mock/alma+epel-9-x86_64/root'] with env {'TERM': 'vt100', 'SHELL': '/bin/sh', 'HOME': '/builddir', 'HOSTNAME': 'mock', 'PATH': '/usr/bin:/bin:/usr/sbin:/sbin', 'LANG': 'C.UTF-8'} and shell False
DEBUG util.py:610:  Child return code was: 0
DEBUG util.py:636:  child environment: None
DEBUG util.py:558:  Executing command: ['/bin/umount', '-n', '-l', '/var/lib/mock/alma+epel-9-x86_64/root/sys/fs/selinux'] with env {'TERM': 'vt100', 'SHELL': '/bin/sh', 'HOME': '/builddir', 'HOSTNAME': 'mock', 'PATH': '/usr/bin:/bin:/usr/sbin:/sbin', 'LANG': 'C.UTF-8'} and shell False
DEBUG util.py:610:  Child return code was: 0
DEBUG util.py:636:  child environment: None
DEBUG util.py:558:  Executing command: ['/bin/umount', '-n', '/var/lib/mock/alma+epel-9-x86_64/root/proc/filesystems'] with env {'TERM': 'vt100', 'SHELL': '/bin/sh', 'HOME': '/builddir', 'HOSTNAME': 'mock', 'PATH': '/usr/bin:/bin:/usr/sbin:/sbin', 'LANG': 'C.UTF-8'} and shell False
DEBUG util.py:610:  Child return code was: 0
DEBUG util.py:636:  child environment: None
DEBUG util.py:558:  Executing command: ['/bin/umount', '-n', '-l', '/var/lib/mock/alma+epel-9-x86_64/root/dev/pts'] with env {'TERM': 'vt100', 'SHELL': '/bin/sh', 'HOME': '/builddir', 'HOSTNAME': 'mock', 'PATH': '/usr/bin:/bin:/usr/sbin:/sbin', 'LANG': 'C.UTF-8'} and shell False
DEBUG util.py:610:  Child return code was: 0
DEBUG util.py:636:  child environment: None
DEBUG util.py:558:  Executing command: ['/bin/umount', '-n', '-l', '/var/lib/mock/alma+epel-9-x86_64/root/dev/shm'] with env {'TERM': 'vt100', 'SHELL': '/bin/sh', 'HOME': '/builddir', 'HOSTNAME': 'mock', 'PATH': '/usr/bin:/bin:/usr/sbin:/sbin', 'LANG': 'C.UTF-8'} and shell False
DEBUG util.py:610:  Child return code was: 0
DEBUG util.py:636:  child environment: None
DEBUG util.py:558:  Executing command: ['/bin/umount', '-n', '-l', '/var/lib/mock/alma+epel-9-x86_64/root/sys'] with env {'TERM': 'vt100', 'SHELL': '/bin/sh', 'HOME': '/builddir', 'HOSTNAME': 'mock', 'PATH': '/usr/bin:/bin:/usr/sbin:/sbin', 'LANG': 'C.UTF-8'} and shell False
DEBUG util.py:610:  Child return code was: 0
DEBUG util.py:636:  child environment: None
DEBUG util.py:558:  Executing command: ['/bin/umount', '-n', '-l', '/var/lib/mock/alma+epel-9-x86_64/root/sys'] with env {'TERM': 'vt100', 'SHELL': '/bin/sh', 'HOME': '/builddir', 'HOSTNAME': 'mock', 'PATH': '/usr/bin:/bin:/usr/sbin:/sbin', 'LANG': 'C.UTF-8'} and shell False
DEBUG util.py:610:  Child return code was: 0
DEBUG util.py:636:  child environment: None
DEBUG util.py:558:  Executing command: ['/bin/umount', '-n', '-l', '/var/lib/mock/alma+epel-9-x86_64/root/proc'] with env {'TERM': 'vt100', 'SHELL': '/bin/sh', 'HOME': '/builddir', 'HOSTNAME': 'mock', 'PATH': '/usr/bin:/bin:/usr/sbin:/sbin', 'LANG': 'C.UTF-8'} and shell False
DEBUG util.py:610:  Child return code was: 0
DEBUG util.py:636:  child environment: None
DEBUG util.py:558:  Executing command: ['/bin/umount', '-n', '-l', '/var/lib/mock/alma+epel-9-x86_64/root/proc'] with env {'TERM': 'vt100', 'SHELL': '/bin/sh', 'HOME': '/builddir', 'HOSTNAME': 'mock', 'PATH': '/usr/bin:/bin:/usr/sbin:/sbin', 'LANG': 'C.UTF-8'} and shell False
DEBUG util.py:610:  Child return code was: 0
DEBUG file_util.py:17:  ensuring that dir exists: /var/lib/mock/alma+epel-9-x86_64-bootstrap/root/var/lib/mock/alma+epel-9-x86_64/root
DEBUG util.py:636:  child environment: None
DEBUG util.py:558:  Executing command: ['/bin/mount', '-n', '-t', 'tmpfs', '-o', 'private,mode=0755', 'tmpfs', '/var/lib/mock/alma+epel-9-x86_64-bootstrap/root/var/lib/mock/alma+epel-9-x86_64/root'] with env {'TERM': 'vt100', 'SHELL': '/bin/sh', 'HOME': '/builddir', 'HOSTNAME': 'mock', 'PATH': '/usr/bin:/bin:/usr/sbin:/sbin', 'LANG': 'C.UTF-8'} and shell False
DEBUG util.py:610:  Child return code was: 0
DEBUG file_util.py:17:  ensuring that dir exists: /var/lib/mock/alma+epel-9-x86_64-bootstrap/root/var/lib/mock/alma+epel-9-x86_64/root
DEBUG util.py:636:  child environment: None
DEBUG util.py:558:  Executing command: ['/bin/mount', '-n', '-o', 'rbind', '/var/lib/mock/alma+epel-9-x86_64/root', '/var/lib/mock/alma+epel-9-x86_64-bootstrap/root/var/lib/mock/alma+epel-9-x86_64/root'] with env {'TERM': 'vt100', 'SHELL': '/bin/sh', 'HOME': '/builddir', 'HOSTNAME': 'mock', 'PATH': '/usr/bin:/bin:/usr/sbin:/sbin', 'LANG': 'C.UTF-8'} and shell False
DEBUG util.py:610:  Child return code was: 0
DEBUG util.py:636:  child environment: None
DEBUG util.py:558:  Executing command: ['/bin/mount', '-n', '-o', 'remount,private,rbind', '--target', '/var/lib/mock/alma+epel-9-x86_64-bootstrap/root/var/lib/mock/alma+epel-9-x86_64/root'] with env {'TERM': 'vt100', 'SHELL': '/bin/sh', 'HOME': '/builddir', 'HOSTNAME': 'mock', 'PATH': '/usr/bin:/bin:/usr/sbin:/sbin', 'LANG': 'C.UTF-8'} and shell False
DEBUG util.py:610:  Child return code was: 0
DEBUG util.py:636:  child environment: None
DEBUG util.py:553:  Using nspawn with args ['--capability=cap_ipc_lock', '--bind=/tmp/mock-resolv.ashqs1x8:/etc/resolv.conf']
DEBUG util.py:558:  Executing command: ['/usr/bin/systemd-nspawn', '-q', '-M', 'a5c0ced272924633b7108b4d8f81c816', '-D', '/var/lib/mock/alma+epel-9-x86_64-bootstrap/root', '-a', '--capability=cap_ipc_lock', '--bind=/tmp/mock-resolv.ashqs1x8:/etc/resolv.conf', '--console=pipe', '--setenv=TERM=vt100', '--setenv=SHELL=/bin/bash', '--setenv=HOME=/builddir', '--setenv=HOSTNAME=mock', '--setenv=PATH=/usr/bin:/bin:/usr/sbin:/sbin', '--setenv=PROMPT_COMMAND=printf "\\033]0;<mock-chroot>\\007"', '--setenv=PS1=<mock-chroot> \\s-\\v\\$ ', '--setenv=LANG=C.UTF-8', '--resolv-conf=off', '/bin/rpm', '-qa', '--root', '/var/lib/mock/alma+epel-9-x86_64/root'] with env {'TERM': 'vt100', 'SHELL': '/bin/bash', 'HOME': '/builddir', 'HOSTNAME': 'mock', 'PATH': '/usr/bin:/bin:/usr/sbin:/sbin', 'PROMPT_COMMAND': 'printf "\\033]0;<mock-chroot>\\007"', 'PS1': '<mock-chroot> \\s-\\v\\$ ', 'LANG': 'C.UTF-8', 'SYSTEMD_NSPAWN_TMPFS_TMP': '0', 'SYSTEMD_SECCOMP': '0'} and shell False
DEBUG util.py:463:  gpg-pubkey-b86b3716-61e69f29
DEBUG util.py:463:  gpg-pubkey-3228467c-613798eb
DEBUG util.py:463:  rust-srpm-macros-17-4.el9.noarch
DEBUG util.py:463:  rust-srpm-macros-epel-26.3-1.el9.noarch
DEBUG util.py:463:  qt6-srpm-macros-6.6.2-1.el9.noarch
DEBUG util.py:463:  ghc-srpm-macros-epel-1.9.1-1.el9.noarch
DEBUG util.py:463:  fpc-srpm-macros-1.3-7.el9.noarch
DEBUG util.py:463:  ansible-srpm-macros-1-16.el9.noarch
DEBUG util.py:463:  qt5-srpm-macros-5.15.9-1.el9.noarch
DEBUG util.py:463:  perl-srpm-macros-1-41.el9.noarch
DEBUG util.py:463:  openblas-srpm-macros-2-11.el9.noarch
DEBUG util.py:463:  ocaml-srpm-macros-6-6.el9.noarch
DEBUG util.py:463:  ghc-srpm-macros-1.5.0-6.el9.noarch
DEBUG util.py:463:  tzdata-2026a-1.el9.noarch
DEBUG util.py:463:  publicsuffix-list-dafsa-20210518-3.el9.noarch
DEBUG util.py:463:  pkgconf-m4-1.7.3-10.el9.noarch
DEBUG util.py:463:  pcre2-syntax-10.40-6.el9.noarch
DEBUG util.py:463:  ncurses-base-6.2-12.20210508.el9.noarch
DEBUG util.py:463:  libssh-config-0.10.4-17.el9_7.noarch
DEBUG util.py:463:  coreutils-common-8.32-39.el9.x86_64
DEBUG util.py:463:  almalinux-gpg-keys-9.7-1.el9.x86_64
DEBUG util.py:463:  almalinux-release-9.7-1.el9.x86_64
DEBUG util.py:463:  almalinux-repos-9.7-1.el9.x86_64
DEBUG util.py:463:  setup-2.13.7-10.el9.noarch
DEBUG util.py:463:  filesystem-3.16-5.el9.x86_64
DEBUG util.py:463:  basesystem-11-13.el9.noarch
DEBUG util.py:463:  ncurses-libs-6.2-12.20210508.el9.x86_64
DEBUG util.py:463:  bash-5.1.8-9.el9.x86_64
DEBUG util.py:463:  glibc-gconv-extra-2.34-231.el9_7.10.x86_64
DEBUG util.py:463:  libgcc-11.5.0-11.el9.alma.1.x86_64
DEBUG util.py:463:  glibc-minimal-langpack-2.34-231.el9_7.10.x86_64
DEBUG util.py:463:  glibc-common-2.34-231.el9_7.10.x86_64
DEBUG util.py:463:  glibc-2.34-231.el9_7.10.x86_64
DEBUG util.py:463:  zlib-1.2.11-40.el9.x86_64
DEBUG util.py:463:  xz-libs-5.2.5-8.el9_0.x86_64
DEBUG util.py:463:  bzip2-libs-1.0.8-10.el9_5.x86_64
DEBUG util.py:463:  libzstd-1.5.5-1.el9.x86_64
DEBUG util.py:463:  elfutils-libelf-0.193-1.el9.alma.1.x86_64
DEBUG util.py:463:  libstdc++-11.5.0-11.el9.alma.1.x86_64
DEBUG util.py:463:  libxcrypt-4.4.18-3.el9.x86_64
DEBUG util.py:463:  libuuid-2.37.4-21.el9_7.x86_64
DEBUG util.py:463:  gmp-6.2.0-13.el9.x86_64
DEBUG util.py:463:  libattr-2.5.1-3.el9.x86_64
DEBUG util.py:463:  libacl-2.3.1-4.el9.x86_64
DEBUG util.py:463:  libcap-2.48-10.el9_7.1.x86_64
DEBUG util.py:463:  popt-1.18-8.el9.x86_64
DEBUG util.py:463:  libcom_err-1.46.5-8.el9.x86_64
DEBUG util.py:463:  lz4-libs-1.9.3-5.el9.x86_64
DEBUG util.py:463:  readline-8.1-4.el9.x86_64
DEBUG util.py:463:  crypto-policies-20250905-1.git377cc42.el9_7.noarch
DEBUG util.py:463:  mpfr-4.1.0-7.el9.x86_64
DEBUG util.py:463:  dwz-0.16-1.el9.x86_64
DEBUG util.py:463:  unzip-6.0-59.el9.x86_64
DEBUG util.py:463:  file-libs-5.39-16.el9.x86_64
DEBUG util.py:463:  file-5.39-16.el9.x86_64
DEBUG util.py:463:  sqlite-libs-3.34.1-9.el9_7.x86_64
DEBUG util.py:463:  alternatives-1.24-2.el9.x86_64
DEBUG util.py:463:  libcap-ng-0.8.2-7.el9.x86_64
DEBUG util.py:463:  audit-libs-3.1.5-7.el9.x86_64
DEBUG util.py:463:  libffi-3.4.2-8.el9.x86_64
DEBUG util.py:463:  libsepol-3.6-3.el9.x86_64
DEBUG util.py:463:  libsigsegv-2.13-4.el9.x86_64
DEBUG util.py:463:  gawk-5.1.0-6.el9.x86_64
DEBUG util.py:463:  libsmartcols-2.37.4-21.el9_7.x86_64
DEBUG util.py:463:  libtasn1-4.16.0-9.el9.x86_64
DEBUG util.py:463:  p11-kit-0.25.3-3.el9_5.x86_64
DEBUG util.py:463:  libunistring-0.9.10-15.el9.x86_64
DEBUG util.py:463:  libidn2-2.3.0-7.el9.x86_64
DEBUG util.py:463:  lua-libs-5.4.4-4.el9.x86_64
DEBUG util.py:463:  libpsl-0.21.1-5.el9.x86_64
DEBUG util.py:463:  p11-kit-trust-0.25.3-3.el9_5.x86_64
DEBUG util.py:463:  zip-3.0-35.el9.x86_64
DEBUG util.py:463:  zstd-1.5.5-1.el9.x86_64
DEBUG util.py:463:  groff-base-1.22.4-10.el9.x86_64
DEBUG util.py:463:  bzip2-1.0.8-10.el9_5.x86_64
DEBUG util.py:463:  libxml2-2.9.13-14.el9_7.x86_64
DEBUG util.py:463:  info-6.7-15.el9.x86_64
DEBUG util.py:463:  ed-1.14.2-12.el9.x86_64
DEBUG util.py:463:  cpio-2.13-16.el9.x86_64
DEBUG util.py:463:  diffutils-3.7-12.el9.x86_64
DEBUG util.py:463:  gdbm-libs-1.23-1.el9.x86_64
DEBUG util.py:463:  json-c-0.14-11.el9.x86_64
DEBUG util.py:463:  keyutils-libs-1.6.3-1.el9.x86_64
DEBUG util.py:463:  libbrotli-1.0.9-9.el9_7.x86_64
DEBUG util.py:463:  libdb-5.3.28-57.el9_6.x86_64
DEBUG util.py:463:  libeconf-0.4.1-4.el9.x86_64
DEBUG util.py:463:  libgomp-11.5.0-11.el9.alma.1.x86_64
DEBUG util.py:463:  libgpg-error-1.42-5.el9.x86_64
DEBUG util.py:463:  libgcrypt-1.10.0-11.el9.x86_64
DEBUG util.py:463:  libnghttp2-1.43.0-6.el9_7.1.x86_64
DEBUG util.py:463:  libpkgconf-1.7.3-10.el9.x86_64
DEBUG util.py:463:  pkgconf-1.7.3-10.el9.x86_64
DEBUG util.py:463:  pkgconf-pkg-config-1.7.3-10.el9.x86_64
DEBUG util.py:463:  libtool-ltdl-2.4.6-46.el9.x86_64
DEBUG util.py:463:  libverto-0.3.2-3.el9.x86_64
DEBUG util.py:463:  ncurses-6.2-12.20210508.el9.x86_64
DEBUG util.py:463:  pcre-8.44-4.el9.x86_64
DEBUG util.py:463:  grep-3.6-5.el9.x86_64
DEBUG util.py:463:  xz-5.2.5-8.el9_0.x86_64
DEBUG util.py:463:  pcre2-10.40-6.el9.x86_64
DEBUG util.py:463:  libselinux-3.6-3.el9.x86_64
DEBUG util.py:463:  sed-4.8-9.el9.x86_64
DEBUG util.py:463:  findutils-4.8.0-7.el9.x86_64
DEBUG util.py:463:  openssl-fips-provider-3.5.1-7.el9_7.x86_64
DEBUG util.py:463:  openssl-libs-3.5.1-7.el9_7.x86_64
DEBUG util.py:463:  coreutils-8.32-39.el9.x86_64
DEBUG util.py:463:  ca-certificates-2025.2.80_v9.0.305-91.el9.noarch
DEBUG util.py:463:  libblkid-2.37.4-21.el9_7.x86_64
DEBUG util.py:463:  krb5-libs-1.21.1-9.el9_7.x86_64
DEBUG util.py:463:  libmount-2.37.4-21.el9_7.x86_64
DEBUG util.py:463:  gzip-1.12-1.el9.x86_64
DEBUG util.py:463:  cracklib-2.9.6-27.el9.x86_64
DEBUG util.py:463:  systemd-libs-252-55.el9_7.8.alma.1.x86_64
DEBUG util.py:463:  libarchive-3.5.3-9.el9_7.x86_64
DEBUG util.py:463:  util-linux-core-2.37.4-21.el9_7.x86_64
DEBUG util.py:463:  cracklib-dicts-2.9.6-27.el9.x86_64
DEBUG util.py:463:  cyrus-sasl-lib-2.1.27-22.el9.x86_64
DEBUG util.py:463:  libssh-0.10.4-17.el9_7.x86_64
DEBUG util.py:463:  libfdisk-2.37.4-21.el9_7.x86_64
DEBUG util.py:463:  perl-Digest-1.19-4.el9.noarch
DEBUG util.py:463:  perl-Digest-MD5-2.58-4.el9.x86_64
DEBUG util.py:463:  perl-B-1.80-481.1.el9_6.x86_64
DEBUG util.py:463:  perl-FileHandle-2.03-481.1.el9_6.noarch
DEBUG util.py:463:  perl-Data-Dumper-2.174-462.el9.x86_64
DEBUG util.py:463:  perl-libnet-3.13-4.el9.noarch
DEBUG util.py:463:  perl-AutoLoader-5.74-481.1.el9_6.noarch
DEBUG util.py:463:  perl-base-2.27-481.1.el9_6.noarch
DEBUG util.py:463:  perl-URI-5.09-3.el9.noarch
DEBUG util.py:463:  perl-if-0.60.800-481.1.el9_6.noarch
DEBUG util.py:463:  perl-IO-Socket-IP-0.41-5.el9.noarch
DEBUG util.py:463:  perl-Time-Local-1.300-7.el9.noarch
DEBUG util.py:463:  perl-File-Path-2.18-4.el9.noarch
DEBUG util.py:463:  perl-IO-Socket-SSL-2.073-2.el9.noarch
DEBUG util.py:463:  perl-Net-SSLeay-1.94-3.el9.x86_64
DEBUG util.py:463:  perl-Pod-Escapes-1.07-460.el9.noarch
DEBUG util.py:463:  perl-Text-Tabs+Wrap-2013.0523-460.el9.noarch
DEBUG util.py:463:  perl-Mozilla-CA-20200520-6.el9.noarch
DEBUG util.py:463:  perl-Class-Struct-0.66-481.1.el9_6.noarch
DEBUG util.py:463:  perl-POSIX-1.94-481.1.el9_6.x86_64
DEBUG util.py:463:  perl-Term-ANSIColor-5.01-461.el9.noarch
DEBUG util.py:463:  perl-IPC-Open3-1.21-481.1.el9_6.noarch
DEBUG util.py:463:  perl-subs-1.03-481.1.el9_6.noarch
DEBUG util.py:463:  perl-File-Temp-0.231.100-4.el9.noarch
DEBUG util.py:463:  perl-Term-Cap-1.17-460.el9.noarch
DEBUG util.py:463:  perl-Pod-Simple-3.42-4.el9.noarch
DEBUG util.py:463:  perl-HTTP-Tiny-0.076-462.el9.noarch
DEBUG util.py:463:  perl-Socket-2.031-4.el9.x86_64
DEBUG util.py:463:  perl-SelectSaver-1.02-481.1.el9_6.noarch
DEBUG util.py:463:  perl-Symbol-1.08-481.1.el9_6.noarch
DEBUG util.py:463:  perl-File-stat-1.09-481.1.el9_6.noarch
DEBUG util.py:463:  perl-podlators-4.14-460.el9.noarch
DEBUG util.py:463:  perl-Pod-Perldoc-3.28.01-461.el9.noarch
DEBUG util.py:463:  perl-Fcntl-1.13-481.1.el9_6.x86_64
DEBUG util.py:463:  perl-Text-ParseWords-3.30-460.el9.noarch
DEBUG util.py:463:  perl-mro-1.23-481.1.el9_6.x86_64
DEBUG util.py:463:  perl-IO-1.43-481.1.el9_6.x86_64
DEBUG util.py:463:  perl-overloading-0.02-481.1.el9_6.noarch
DEBUG util.py:463:  perl-Pod-Usage-2.01-4.el9.noarch
DEBUG util.py:463:  perl-Errno-1.30-481.1.el9_6.x86_64
DEBUG util.py:463:  perl-File-Basename-2.85-481.1.el9_6.noarch
DEBUG util.py:463:  perl-Getopt-Std-1.12-481.1.el9_6.noarch
DEBUG util.py:463:  perl-MIME-Base64-3.16-4.el9.x86_64
DEBUG util.py:463:  perl-Scalar-List-Utils-1.56-462.el9.x86_64
DEBUG util.py:463:  perl-constant-1.33-461.el9.noarch
DEBUG util.py:463:  perl-Storable-3.21-460.el9.x86_64
DEBUG util.py:463:  perl-overload-1.31-481.1.el9_6.noarch
DEBUG util.py:463:  perl-parent-0.238-460.el9.noarch
DEBUG util.py:463:  perl-vars-1.05-481.1.el9_6.noarch
DEBUG util.py:463:  perl-Getopt-Long-2.52-4.el9.noarch
DEBUG util.py:463:  perl-Carp-1.50-460.el9.noarch
DEBUG util.py:463:  perl-Exporter-5.74-461.el9.noarch
DEBUG util.py:463:  perl-PathTools-3.78-461.el9.x86_64
DEBUG util.py:463:  perl-Encode-3.08-462.el9.x86_64
DEBUG util.py:463:  perl-libs-5.32.1-481.1.el9_6.x86_64
DEBUG util.py:463:  perl-interpreter-5.32.1-481.1.el9_6.x86_64
DEBUG util.py:463:  kernel-srpm-macros-1.0-14.el9.noarch
DEBUG util.py:463:  openssl-3.5.1-7.el9_7.x86_64
DEBUG util.py:463:  libpwquality-1.4.4-8.el9.x86_64
DEBUG util.py:463:  pam-1.5.1-26.el9_6.x86_64
DEBUG util.py:463:  libevent-2.1.12-8.el9_4.x86_64
DEBUG util.py:463:  libsemanage-3.6-5.el9_6.x86_64
DEBUG util.py:463:  shadow-utils-4.9-15.el9.x86_64
DEBUG util.py:463:  libutempter-1.2.1-6.el9.x86_64
DEBUG util.py:463:  openldap-2.6.8-4.el9.x86_64
DEBUG util.py:463:  libcurl-7.76.1-35.el9_7.3.x86_64
DEBUG util.py:463:  curl-7.76.1-35.el9_7.3.x86_64
DEBUG util.py:463:  rpm-libs-4.16.1.3-39.el9.x86_64
DEBUG util.py:463:  rpm-4.16.1.3-39.el9.x86_64
DEBUG util.py:463:  efi-srpm-macros-6-4.el9.noarch
DEBUG util.py:463:  lua-srpm-macros-1-6.el9.noarch
DEBUG util.py:463:  rpmautospec-rpm-macros-0.8.4-1.el9.noarch
DEBUG util.py:463:  tar-1.34-9.el9_7.x86_64
DEBUG util.py:463:  patch-2.7.6-16.el9.x86_64
DEBUG util.py:463:  elfutils-default-yama-scope-0.193-1.el9.alma.1.noarch
DEBUG util.py:463:  elfutils-libs-0.193-1.el9.alma.1.x86_64
DEBUG util.py:463:  elfutils-debuginfod-client-0.193-1.el9.alma.1.x86_64
DEBUG util.py:463:  binutils-gold-2.35.2-67.el9_7.1.x86_64
DEBUG util.py:463:  binutils-2.35.2-67.el9_7.1.x86_64
DEBUG util.py:463:  elfutils-0.193-1.el9.alma.1.x86_64
DEBUG util.py:463:  gdb-minimal-16.3-2.el9.x86_64
DEBUG util.py:463:  debugedit-5.0-11.el9.x86_64
DEBUG util.py:463:  rpm-build-libs-4.16.1.3-39.el9.x86_64
DEBUG util.py:463:  fonts-srpm-macros-2.0.5-7.el9.1.noarch
DEBUG util.py:463:  go-srpm-macros-3.6.0-14.el9_7.noarch
DEBUG util.py:463:  python-srpm-macros-3.9-54.el9.noarch
DEBUG util.py:463:  redhat-rpm-config-210-1.el9.alma.1.noarch
DEBUG util.py:463:  rpm-build-4.16.1.3-39.el9.x86_64
DEBUG util.py:463:  pyproject-srpm-macros-1.16.2-1.el9.noarch
DEBUG util.py:463:  forge-srpm-macros-0.4.0-1.el9.noarch
DEBUG util.py:463:  go-srpm-macros-epel-3.8.0-1.el9.noarch
DEBUG util.py:463:  R-srpm-macros-1.3.7-1.el9.noarch
DEBUG util.py:463:  epel-rpm-macros-9-18.el9.noarch
DEBUG util.py:463:  util-linux-2.37.4-21.el9_7.x86_64
DEBUG util.py:463:  which-2.21-30.el9_6.x86_64
DEBUG util.py:610:  Child return code was: 0
DEBUG util.py:185:  kill orphans in chroot /var/lib/mock/alma+epel-9-x86_64/root
DEBUG util.py:185:  kill orphans in chroot /var/lib/mock/alma+epel-9-x86_64-bootstrap/root/var/lib/mock/alma+epel-9-x86_64/root
DEBUG util.py:636:  child environment: None
DEBUG util.py:558:  Executing command: ['/bin/umount', '-n', '-l', '/var/lib/mock/alma+epel-9-x86_64-bootstrap/root/var/lib/mock/alma+epel-9-x86_64/root'] with env {'TERM': 'vt100', 'SHELL': '/bin/sh', 'HOME': '/builddir', 'HOSTNAME': 'mock', 'PATH': '/usr/bin:/bin:/usr/sbin:/sbin', 'LANG': 'C.UTF-8'} and shell False
DEBUG util.py:610:  Child return code was: 0
DEBUG util.py:636:  child environment: None
DEBUG util.py:558:  Executing command: ['/bin/umount', '-n', '-l', '/var/lib/mock/alma+epel-9-x86_64-bootstrap/root/var/lib/mock/alma+epel-9-x86_64/root'] with env {'TERM': 'vt100', 'SHELL': '/bin/sh', 'HOME': '/builddir', 'HOSTNAME': 'mock', 'PATH': '/usr/bin:/bin:/usr/sbin:/sbin', 'LANG': 'C.UTF-8'} and shell False
DEBUG util.py:610:  Child return code was: 0
DEBUG file_util.py:17:  ensuring that dir exists: /var/lib/mock/alma+epel-9-x86_64/root/builddir/build
DEBUG file_util.py:17:  ensuring that dir exists: /var/lib/mock/alma+epel-9-x86_64/root/builddir/build/RPMS
DEBUG file_util.py:20:  created dir: /var/lib/mock/alma+epel-9-x86_64/root/builddir/build/RPMS
DEBUG file_util.py:17:  ensuring that dir exists: /var/lib/mock/alma+epel-9-x86_64/root/builddir/build/SPECS
DEBUG file_util.py:20:  created dir: /var/lib/mock/alma+epel-9-x86_64/root/builddir/build/SPECS
DEBUG file_util.py:17:  ensuring that dir exists: /var/lib/mock/alma+epel-9-x86_64/root/builddir/build/SRPMS
DEBUG file_util.py:20:  created dir: /var/lib/mock/alma+epel-9-x86_64/root/builddir/build/SRPMS
DEBUG file_util.py:17:  ensuring that dir exists: /var/lib/mock/alma+epel-9-x86_64/root/builddir/build/SOURCES
DEBUG file_util.py:17:  ensuring that dir exists: /var/lib/mock/alma+epel-9-x86_64/root/builddir/build/BUILD
DEBUG file_util.py:20:  created dir: /var/lib/mock/alma+epel-9-x86_64/root/builddir/build/BUILD
DEBUG file_util.py:17:  ensuring that dir exists: /var/lib/mock/alma+epel-9-x86_64/root/builddir/build/BUILDROOT
DEBUG file_util.py:20:  created dir: /var/lib/mock/alma+epel-9-x86_64/root/builddir/build/BUILDROOT
DEBUG file_util.py:17:  ensuring that dir exists: /var/lib/mock/alma+epel-9-x86_64/root/builddir/build/originals
DEBUG file_util.py:20:  created dir: /var/lib/mock/alma+epel-9-x86_64/root/builddir/build/originals
DEBUG file_util.py:17:  ensuring that dir exists: /var/lib/mock/alma+epel-9-x86_64/root/builddir
DEBUG util.py:636:  child environment: None
DEBUG util.py:558:  Executing command: ['userdel', '-f', 'mockbuild', '--prefix', '/var/lib/mock/alma+epel-9-x86_64/root'] with env {'TERM': 'vt100', 'SHELL': '/bin/sh', 'HOME': '/builddir', 'HOSTNAME': 'mock', 'PATH': '/usr/bin:/bin:/usr/sbin:/sbin', 'LANG': 'C.UTF-8'} and shell False
DEBUG util.py:610:  Child return code was: 0
DEBUG util.py:636:  child environment: None
DEBUG util.py:558:  Executing command: ['groupdel', 'mock', '--prefix', '/var/lib/mock/alma+epel-9-x86_64/root'] with env {'TERM': 'vt100', 'SHELL': '/bin/sh', 'HOME': '/builddir', 'HOSTNAME': 'mock', 'PATH': '/usr/bin:/bin:/usr/sbin:/sbin', 'LANG': 'C.UTF-8'} and shell False
DEBUG util.py:610:  Child return code was: 0
DEBUG util.py:636:  child environment: None
DEBUG util.py:558:  Executing command: ['groupadd', 'mock', '-g', '135', '--prefix', '/var/lib/mock/alma+epel-9-x86_64/root'] with env {'TERM': 'vt100', 'SHELL': '/bin/sh', 'HOME': '/builddir', 'HOSTNAME': 'mock', 'PATH': '/usr/bin:/bin:/usr/sbin:/sbin', 'LANG': 'C.UTF-8'} and shell False
DEBUG util.py:610:  Child return code was: 0
DEBUG util.py:636:  child environment: None
DEBUG util.py:558:  Executing command: ['useradd', 'mockbuild', '-o', '-u', '0', '-g', '135', '-N', '-d', '/builddir', '--prefix', '/var/lib/mock/alma+epel-9-x86_64/root'] with env {'TERM': 'vt100', 'SHELL': '/bin/sh', 'HOME': '/builddir', 'HOSTNAME': 'mock', 'PATH': '/usr/bin:/bin:/usr/sbin:/sbin', 'LANG': 'C.UTF-8'} and shell False
DEBUG util.py:461:  useradd warning: mockbuild's uid 0 outside of the UID_MIN 1000 and UID_MAX 60000 range.
DEBUG util.py:461:  useradd: warning: the home directory /builddir already exists.
DEBUG util.py:461:  useradd: Not copying any file from skel directory into it.
DEBUG util.py:461:  Creating mailbox file: File exists
DEBUG util.py:610:  Child return code was: 0
DEBUG file_util.py:29:  touching file: /var/lib/mock/alma+epel-9-x86_64/root/.initialized
DEBUG util.py:636:  child environment: None
DEBUG util.py:553:  Using nspawn with args ['--capability=cap_ipc_lock', '--bind=/tmp/mock-resolv._754fht3:/etc/resolv.conf', '--bind=/dev/mapper/control', '--bind=/dev/fuse', '--bind=/dev/loop-control', '--bind=/dev/loop0', '--bind=/dev/loop1', '--bind=/dev/loop2', '--bind=/dev/loop3', '--bind=/dev/loop4', '--bind=/dev/loop5', '--bind=/dev/loop6', '--bind=/dev/loop7', '--bind=/dev/loop8', '--bind=/dev/loop9', '--bind=/dev/loop10', '--bind=/dev/loop11']
DEBUG util.py:558:  Executing command: ['/usr/bin/systemd-nspawn', '-q', '-M', '1fa4778430974c30b38d27c84d2eb3c9', '-D', '/var/lib/mock/alma+epel-9-x86_64/root', '-a', '-u', 'mockbuild', '--capability=cap_ipc_lock', '--bind=/tmp/mock-resolv._754fht3:/etc/resolv.conf', '--bind=/dev/mapper/control', '--bind=/dev/fuse', '--bind=/dev/loop-control', '--bind=/dev/loop0', '--bind=/dev/loop1', '--bind=/dev/loop2', '--bind=/dev/loop3', '--bind=/dev/loop4', '--bind=/dev/loop5', '--bind=/dev/loop6', '--bind=/dev/loop7', '--bind=/dev/loop8', '--bind=/dev/loop9', '--bind=/dev/loop10', '--bind=/dev/loop11', '--console=pipe', '--setenv=TERM=vt100', '--setenv=SHELL=/bin/bash', '--setenv=HOME=/builddir', '--setenv=HOSTNAME=mock', '--setenv=PATH=/usr/bin:/bin:/usr/sbin:/sbin', '--setenv=PROMPT_COMMAND=printf "\\033]0;<mock-chroot>\\007"', '--setenv=PS1=<mock-chroot> \\s-\\v\\$ ', '--setenv=LANG=C.UTF-8', '--resolv-conf=off', '/bin/rpm', '-Uvh', '--nodeps', '/builddir/build/originals/uw-imap-2007f-24.el9.src.rpm'] with env {'TERM': 'vt100', 'SHELL': '/bin/bash', 'HOME': '/builddir', 'HOSTNAME': 'mock', 'PATH': '/usr/bin:/bin:/usr/sbin:/sbin', 'PROMPT_COMMAND': 'printf "\\033]0;<mock-chroot>\\007"', 'PS1': '<mock-chroot> \\s-\\v\\$ ', 'LANG': 'C.UTF-8', 'SYSTEMD_NSPAWN_TMPFS_TMP': '0', 'SYSTEMD_SECCOMP': '0'} and shell False
DEBUG util.py:463:  Updating / installing...
DEBUG util.py:463:  uw-imap-2007f-24.el9                  ########################################
DEBUG util.py:610:  Child return code was: 0
DEBUG util.py:636:  child environment: None
DEBUG util.py:553:  Using nspawn with args ['--capability=cap_ipc_lock', '--bind=/tmp/mock-resolv._754fht3:/etc/resolv.conf', '--bind=/dev/mapper/control', '--bind=/dev/fuse', '--bind=/dev/loop-control', '--bind=/dev/loop0', '--bind=/dev/loop1', '--bind=/dev/loop2', '--bind=/dev/loop3', '--bind=/dev/loop4', '--bind=/dev/loop5', '--bind=/dev/loop6', '--bind=/dev/loop7', '--bind=/dev/loop8', '--bind=/dev/loop9', '--bind=/dev/loop10', '--bind=/dev/loop11']
DEBUG util.py:558:  Executing command: ['/usr/bin/systemd-nspawn', '-q', '-M', '3da5afaf99684aaea70ffecfb6c47da3', '-D', '/var/lib/mock/alma+epel-9-x86_64/root', '-a', '-u', 'mockbuild', '--capability=cap_ipc_lock', '--bind=/tmp/mock-resolv._754fht3:/etc/resolv.conf', '--bind=/dev/mapper/control', '--bind=/dev/fuse', '--bind=/dev/loop-control', '--bind=/dev/loop0', '--bind=/dev/loop1', '--bind=/dev/loop2', '--bind=/dev/loop3', '--bind=/dev/loop4', '--bind=/dev/loop5', '--bind=/dev/loop6', '--bind=/dev/loop7', '--bind=/dev/loop8', '--bind=/dev/loop9', '--bind=/dev/loop10', '--bind=/dev/loop11', '--console=pipe', '--setenv=TERM=vt100', '--setenv=SHELL=/bin/bash', '--setenv=HOME=/builddir', '--setenv=HOSTNAME=mock', '--setenv=PATH=/usr/bin:/bin:/usr/sbin:/sbin', '--setenv=PROMPT_COMMAND=printf "\\033]0;<mock-chroot>\\007"', '--setenv=PS1=<mock-chroot> \\s-\\v\\$ ', '--setenv=LANG=C.UTF-8', '--resolv-conf=off', '/bin/rpm', '-qpl', '/builddir/build/originals/uw-imap-2007f-24.el9.src.rpm'] with env {'TERM': 'vt100', 'SHELL': '/bin/bash', 'HOME': '/builddir', 'HOSTNAME': 'mock', 'PATH': '/usr/bin:/bin:/usr/sbin:/sbin', 'PROMPT_COMMAND': 'printf "\\033]0;<mock-chroot>\\007"', 'PS1': '<mock-chroot> \\s-\\v\\$ ', 'LANG': 'C.UTF-8', 'SYSTEMD_NSPAWN_TMPFS_TMP': '0', 'SYSTEMD_SECCOMP': '0'} and shell False
DEBUG util.py:463:  1006_openssl1.1_autoverify.patch
DEBUG util.py:463:  imap-2004a-doc.patch
DEBUG util.py:463:  imap-2007-paths.patch
DEBUG util.py:463:  imap-2007e-authmd5.patch
DEBUG util.py:463:  imap-2007e-overflow.patch
DEBUG util.py:463:  imap-2007e-poll.patch
DEBUG util.py:463:  imap-2007e-shared.patch
DEBUG util.py:463:  imap-2007e-system_c_client.patch
DEBUG util.py:463:  imap-2007f-format-security.patch
DEBUG util.py:463:  imap-2007f-ldflags.patch
DEBUG util.py:463:  imap-2007f.tar.gz
DEBUG util.py:463:  imap-legacy.pam
DEBUG util.py:463:  imap-password.pam
DEBUG util.py:463:  imap-xinetd
DEBUG util.py:463:  imap.pam
DEBUG util.py:463:  imaps-xinetd
DEBUG util.py:463:  ipop2-xinetd
DEBUG util.py:463:  ipop3-xinetd
DEBUG util.py:463:  pop3s-xinetd
DEBUG util.py:463:  uw-imap.spec
DEBUG util.py:610:  Child return code was: 0
DEBUG file_util.py:17:  ensuring that dir exists: /var/lib/mock/alma+epel-9-x86_64-bootstrap/root/var/lib/mock/alma+epel-9-x86_64/root
DEBUG util.py:636:  child environment: None
DEBUG util.py:558:  Executing command: ['/bin/mount', '-n', '-t', 'tmpfs', '-o', 'private,mode=0755', 'tmpfs', '/var/lib/mock/alma+epel-9-x86_64-bootstrap/root/var/lib/mock/alma+epel-9-x86_64/root'] with env {'TERM': 'vt100', 'SHELL': '/bin/sh', 'HOME': '/builddir', 'HOSTNAME': 'mock', 'PATH': '/usr/bin:/bin:/usr/sbin:/sbin', 'LANG': 'C.UTF-8'} and shell False
DEBUG util.py:610:  Child return code was: 0
DEBUG file_util.py:17:  ensuring that dir exists: /var/lib/mock/alma+epel-9-x86_64-bootstrap/root/var/lib/mock/alma+epel-9-x86_64/root
DEBUG util.py:636:  child environment: None
DEBUG util.py:558:  Executing command: ['/bin/mount', '-n', '-o', 'rbind', '/var/lib/mock/alma+epel-9-x86_64/root', '/var/lib/mock/alma+epel-9-x86_64-bootstrap/root/var/lib/mock/alma+epel-9-x86_64/root'] with env {'TERM': 'vt100', 'SHELL': '/bin/sh', 'HOME': '/builddir', 'HOSTNAME': 'mock', 'PATH': '/usr/bin:/bin:/usr/sbin:/sbin', 'LANG': 'C.UTF-8'} and shell False
DEBUG util.py:610:  Child return code was: 0
DEBUG util.py:636:  child environment: None
DEBUG util.py:558:  Executing command: ['/bin/mount', '-n', '-o', 'remount,private,rbind', '--target', '/var/lib/mock/alma+epel-9-x86_64-bootstrap/root/var/lib/mock/alma+epel-9-x86_64/root'] with env {'TERM': 'vt100', 'SHELL': '/bin/sh', 'HOME': '/builddir', 'HOSTNAME': 'mock', 'PATH': '/usr/bin:/bin:/usr/sbin:/sbin', 'LANG': 'C.UTF-8'} and shell False
DEBUG util.py:610:  Child return code was: 0
DEBUG util.py:636:  child environment: None
DEBUG util.py:553:  Using nspawn with args ['--capability=cap_ipc_lock', '--bind=/tmp/mock-resolv.ashqs1x8:/etc/resolv.conf']
DEBUG util.py:558:  Executing command: ['/usr/bin/systemd-nspawn', '-q', '-M', '0794e28644a34597b2b1388e45ac5a37', '-D', '/var/lib/mock/alma+epel-9-x86_64-bootstrap/root', '-a', '--capability=cap_ipc_lock', '--bind=/tmp/mock-resolv.ashqs1x8:/etc/resolv.conf', '--console=pipe', '--setenv=TERM=vt100', '--setenv=SHELL=/bin/bash', '--setenv=HOME=/builddir', '--setenv=HOSTNAME=mock', '--setenv=PATH=/usr/bin:/bin:/usr/sbin:/sbin', '--setenv=PROMPT_COMMAND=printf "\\033]0;<mock-chroot>\\007"', '--setenv=PS1=<mock-chroot> \\s-\\v\\$ ', '--setenv=LANG=C.UTF-8', '--resolv-conf=off', '/bin/rpm', '-qa', '--root', '/var/lib/mock/alma+epel-9-x86_64/root'] with env {'TERM': 'vt100', 'SHELL': '/bin/bash', 'HOME': '/builddir', 'HOSTNAME': 'mock', 'PATH': '/usr/bin:/bin:/usr/sbin:/sbin', 'PROMPT_COMMAND': 'printf "\\033]0;<mock-chroot>\\007"', 'PS1': '<mock-chroot> \\s-\\v\\$ ', 'LANG': 'C.UTF-8', 'SYSTEMD_NSPAWN_TMPFS_TMP': '0', 'SYSTEMD_SECCOMP': '0'} and shell False
DEBUG util.py:463:  gpg-pubkey-b86b3716-61e69f29
DEBUG util.py:463:  gpg-pubkey-3228467c-613798eb
DEBUG util.py:463:  rust-srpm-macros-17-4.el9.noarch
DEBUG util.py:463:  rust-srpm-macros-epel-26.3-1.el9.noarch
DEBUG util.py:463:  qt6-srpm-macros-6.6.2-1.el9.noarch
DEBUG util.py:463:  ghc-srpm-macros-epel-1.9.1-1.el9.noarch
DEBUG util.py:463:  fpc-srpm-macros-1.3-7.el9.noarch
DEBUG util.py:463:  ansible-srpm-macros-1-16.el9.noarch
DEBUG util.py:463:  qt5-srpm-macros-5.15.9-1.el9.noarch
DEBUG util.py:463:  perl-srpm-macros-1-41.el9.noarch
DEBUG util.py:463:  openblas-srpm-macros-2-11.el9.noarch
DEBUG util.py:463:  ocaml-srpm-macros-6-6.el9.noarch
DEBUG util.py:463:  ghc-srpm-macros-1.5.0-6.el9.noarch
DEBUG util.py:463:  tzdata-2026a-1.el9.noarch
DEBUG util.py:463:  publicsuffix-list-dafsa-20210518-3.el9.noarch
DEBUG util.py:463:  pkgconf-m4-1.7.3-10.el9.noarch
DEBUG util.py:463:  pcre2-syntax-10.40-6.el9.noarch
DEBUG util.py:463:  ncurses-base-6.2-12.20210508.el9.noarch
DEBUG util.py:463:  libssh-config-0.10.4-17.el9_7.noarch
DEBUG util.py:463:  coreutils-common-8.32-39.el9.x86_64
DEBUG util.py:463:  almalinux-gpg-keys-9.7-1.el9.x86_64
DEBUG util.py:463:  almalinux-release-9.7-1.el9.x86_64
DEBUG util.py:463:  almalinux-repos-9.7-1.el9.x86_64
DEBUG util.py:463:  setup-2.13.7-10.el9.noarch
DEBUG util.py:463:  filesystem-3.16-5.el9.x86_64
DEBUG util.py:463:  basesystem-11-13.el9.noarch
DEBUG util.py:463:  ncurses-libs-6.2-12.20210508.el9.x86_64
DEBUG util.py:463:  bash-5.1.8-9.el9.x86_64
DEBUG util.py:463:  glibc-gconv-extra-2.34-231.el9_7.10.x86_64
DEBUG util.py:463:  libgcc-11.5.0-11.el9.alma.1.x86_64
DEBUG util.py:463:  glibc-minimal-langpack-2.34-231.el9_7.10.x86_64
DEBUG util.py:463:  glibc-common-2.34-231.el9_7.10.x86_64
DEBUG util.py:463:  glibc-2.34-231.el9_7.10.x86_64
DEBUG util.py:463:  zlib-1.2.11-40.el9.x86_64
DEBUG util.py:463:  xz-libs-5.2.5-8.el9_0.x86_64
DEBUG util.py:463:  bzip2-libs-1.0.8-10.el9_5.x86_64
DEBUG util.py:463:  libzstd-1.5.5-1.el9.x86_64
DEBUG util.py:463:  elfutils-libelf-0.193-1.el9.alma.1.x86_64
DEBUG util.py:463:  libstdc++-11.5.0-11.el9.alma.1.x86_64
DEBUG util.py:463:  libxcrypt-4.4.18-3.el9.x86_64
DEBUG util.py:463:  libuuid-2.37.4-21.el9_7.x86_64
DEBUG util.py:463:  gmp-6.2.0-13.el9.x86_64
DEBUG util.py:463:  libattr-2.5.1-3.el9.x86_64
DEBUG util.py:463:  libacl-2.3.1-4.el9.x86_64
DEBUG util.py:463:  libcap-2.48-10.el9_7.1.x86_64
DEBUG util.py:463:  popt-1.18-8.el9.x86_64
DEBUG util.py:463:  libcom_err-1.46.5-8.el9.x86_64
DEBUG util.py:463:  lz4-libs-1.9.3-5.el9.x86_64
DEBUG util.py:463:  readline-8.1-4.el9.x86_64
DEBUG util.py:463:  crypto-policies-20250905-1.git377cc42.el9_7.noarch
DEBUG util.py:463:  mpfr-4.1.0-7.el9.x86_64
DEBUG util.py:463:  dwz-0.16-1.el9.x86_64
DEBUG util.py:463:  unzip-6.0-59.el9.x86_64
DEBUG util.py:463:  file-libs-5.39-16.el9.x86_64
DEBUG util.py:463:  file-5.39-16.el9.x86_64
DEBUG util.py:463:  sqlite-libs-3.34.1-9.el9_7.x86_64
DEBUG util.py:463:  alternatives-1.24-2.el9.x86_64
DEBUG util.py:463:  libcap-ng-0.8.2-7.el9.x86_64
DEBUG util.py:463:  audit-libs-3.1.5-7.el9.x86_64
DEBUG util.py:463:  libffi-3.4.2-8.el9.x86_64
DEBUG util.py:463:  libsepol-3.6-3.el9.x86_64
DEBUG util.py:463:  libsigsegv-2.13-4.el9.x86_64
DEBUG util.py:463:  gawk-5.1.0-6.el9.x86_64
DEBUG util.py:463:  libsmartcols-2.37.4-21.el9_7.x86_64
DEBUG util.py:463:  libtasn1-4.16.0-9.el9.x86_64
DEBUG util.py:463:  p11-kit-0.25.3-3.el9_5.x86_64
DEBUG util.py:463:  libunistring-0.9.10-15.el9.x86_64
DEBUG util.py:463:  libidn2-2.3.0-7.el9.x86_64
DEBUG util.py:463:  lua-libs-5.4.4-4.el9.x86_64
DEBUG util.py:463:  libpsl-0.21.1-5.el9.x86_64
DEBUG util.py:463:  p11-kit-trust-0.25.3-3.el9_5.x86_64
DEBUG util.py:463:  zip-3.0-35.el9.x86_64
DEBUG util.py:463:  zstd-1.5.5-1.el9.x86_64
DEBUG util.py:463:  groff-base-1.22.4-10.el9.x86_64
DEBUG util.py:463:  bzip2-1.0.8-10.el9_5.x86_64
DEBUG util.py:463:  libxml2-2.9.13-14.el9_7.x86_64
DEBUG util.py:463:  info-6.7-15.el9.x86_64
DEBUG util.py:463:  ed-1.14.2-12.el9.x86_64
DEBUG util.py:463:  cpio-2.13-16.el9.x86_64
DEBUG util.py:463:  diffutils-3.7-12.el9.x86_64
DEBUG util.py:463:  gdbm-libs-1.23-1.el9.x86_64
DEBUG util.py:463:  json-c-0.14-11.el9.x86_64
DEBUG util.py:463:  keyutils-libs-1.6.3-1.el9.x86_64
DEBUG util.py:463:  libbrotli-1.0.9-9.el9_7.x86_64
DEBUG util.py:463:  libdb-5.3.28-57.el9_6.x86_64
DEBUG util.py:463:  libeconf-0.4.1-4.el9.x86_64
DEBUG util.py:463:  libgomp-11.5.0-11.el9.alma.1.x86_64
DEBUG util.py:463:  libgpg-error-1.42-5.el9.x86_64
DEBUG util.py:463:  libgcrypt-1.10.0-11.el9.x86_64
DEBUG util.py:463:  libnghttp2-1.43.0-6.el9_7.1.x86_64
DEBUG util.py:463:  libpkgconf-1.7.3-10.el9.x86_64
DEBUG util.py:463:  pkgconf-1.7.3-10.el9.x86_64
DEBUG util.py:463:  pkgconf-pkg-config-1.7.3-10.el9.x86_64
DEBUG util.py:463:  libtool-ltdl-2.4.6-46.el9.x86_64
DEBUG util.py:463:  libverto-0.3.2-3.el9.x86_64
DEBUG util.py:463:  ncurses-6.2-12.20210508.el9.x86_64
DEBUG util.py:463:  pcre-8.44-4.el9.x86_64
DEBUG util.py:463:  grep-3.6-5.el9.x86_64
DEBUG util.py:463:  xz-5.2.5-8.el9_0.x86_64
DEBUG util.py:463:  pcre2-10.40-6.el9.x86_64
DEBUG util.py:463:  libselinux-3.6-3.el9.x86_64
DEBUG util.py:463:  sed-4.8-9.el9.x86_64
DEBUG util.py:463:  findutils-4.8.0-7.el9.x86_64
DEBUG util.py:463:  openssl-fips-provider-3.5.1-7.el9_7.x86_64
DEBUG util.py:463:  openssl-libs-3.5.1-7.el9_7.x86_64
DEBUG util.py:463:  coreutils-8.32-39.el9.x86_64
DEBUG util.py:463:  ca-certificates-2025.2.80_v9.0.305-91.el9.noarch
DEBUG util.py:463:  libblkid-2.37.4-21.el9_7.x86_64
DEBUG util.py:463:  krb5-libs-1.21.1-9.el9_7.x86_64
DEBUG util.py:463:  libmount-2.37.4-21.el9_7.x86_64
DEBUG util.py:463:  gzip-1.12-1.el9.x86_64
DEBUG util.py:463:  cracklib-2.9.6-27.el9.x86_64
DEBUG util.py:463:  systemd-libs-252-55.el9_7.8.alma.1.x86_64
DEBUG util.py:463:  libarchive-3.5.3-9.el9_7.x86_64
DEBUG util.py:463:  util-linux-core-2.37.4-21.el9_7.x86_64
DEBUG util.py:463:  cracklib-dicts-2.9.6-27.el9.x86_64
DEBUG util.py:463:  cyrus-sasl-lib-2.1.27-22.el9.x86_64
DEBUG util.py:463:  libssh-0.10.4-17.el9_7.x86_64
DEBUG util.py:463:  libfdisk-2.37.4-21.el9_7.x86_64
DEBUG util.py:463:  perl-Digest-1.19-4.el9.noarch
DEBUG util.py:463:  perl-Digest-MD5-2.58-4.el9.x86_64
DEBUG util.py:463:  perl-B-1.80-481.1.el9_6.x86_64
DEBUG util.py:463:  perl-FileHandle-2.03-481.1.el9_6.noarch
DEBUG util.py:463:  perl-Data-Dumper-2.174-462.el9.x86_64
DEBUG util.py:463:  perl-libnet-3.13-4.el9.noarch
DEBUG util.py:463:  perl-AutoLoader-5.74-481.1.el9_6.noarch
DEBUG util.py:463:  perl-base-2.27-481.1.el9_6.noarch
DEBUG util.py:463:  perl-URI-5.09-3.el9.noarch
DEBUG util.py:463:  perl-if-0.60.800-481.1.el9_6.noarch
DEBUG util.py:463:  perl-IO-Socket-IP-0.41-5.el9.noarch
DEBUG util.py:463:  perl-Time-Local-1.300-7.el9.noarch
DEBUG util.py:463:  perl-File-Path-2.18-4.el9.noarch
DEBUG util.py:463:  perl-IO-Socket-SSL-2.073-2.el9.noarch
DEBUG util.py:463:  perl-Net-SSLeay-1.94-3.el9.x86_64
DEBUG util.py:463:  perl-Pod-Escapes-1.07-460.el9.noarch
DEBUG util.py:463:  perl-Text-Tabs+Wrap-2013.0523-460.el9.noarch
DEBUG util.py:463:  perl-Mozilla-CA-20200520-6.el9.noarch
DEBUG util.py:463:  perl-Class-Struct-0.66-481.1.el9_6.noarch
DEBUG util.py:463:  perl-POSIX-1.94-481.1.el9_6.x86_64
DEBUG util.py:463:  perl-Term-ANSIColor-5.01-461.el9.noarch
DEBUG util.py:463:  perl-IPC-Open3-1.21-481.1.el9_6.noarch
DEBUG util.py:463:  perl-subs-1.03-481.1.el9_6.noarch
DEBUG util.py:463:  perl-File-Temp-0.231.100-4.el9.noarch
DEBUG util.py:463:  perl-Term-Cap-1.17-460.el9.noarch
DEBUG util.py:463:  perl-Pod-Simple-3.42-4.el9.noarch
DEBUG util.py:463:  perl-HTTP-Tiny-0.076-462.el9.noarch
DEBUG util.py:463:  perl-Socket-2.031-4.el9.x86_64
DEBUG util.py:463:  perl-SelectSaver-1.02-481.1.el9_6.noarch
DEBUG util.py:463:  perl-Symbol-1.08-481.1.el9_6.noarch
DEBUG util.py:463:  perl-File-stat-1.09-481.1.el9_6.noarch
DEBUG util.py:463:  perl-podlators-4.14-460.el9.noarch
DEBUG util.py:463:  perl-Pod-Perldoc-3.28.01-461.el9.noarch
DEBUG util.py:463:  perl-Fcntl-1.13-481.1.el9_6.x86_64
DEBUG util.py:463:  perl-Text-ParseWords-3.30-460.el9.noarch
DEBUG util.py:463:  perl-mro-1.23-481.1.el9_6.x86_64
DEBUG util.py:463:  perl-IO-1.43-481.1.el9_6.x86_64
DEBUG util.py:463:  perl-overloading-0.02-481.1.el9_6.noarch
DEBUG util.py:463:  perl-Pod-Usage-2.01-4.el9.noarch
DEBUG util.py:463:  perl-Errno-1.30-481.1.el9_6.x86_64
DEBUG util.py:463:  perl-File-Basename-2.85-481.1.el9_6.noarch
DEBUG util.py:463:  perl-Getopt-Std-1.12-481.1.el9_6.noarch
DEBUG util.py:463:  perl-MIME-Base64-3.16-4.el9.x86_64
DEBUG util.py:463:  perl-Scalar-List-Utils-1.56-462.el9.x86_64
DEBUG util.py:463:  perl-constant-1.33-461.el9.noarch
DEBUG util.py:463:  perl-Storable-3.21-460.el9.x86_64
DEBUG util.py:463:  perl-overload-1.31-481.1.el9_6.noarch
DEBUG util.py:463:  perl-parent-0.238-460.el9.noarch
DEBUG util.py:463:  perl-vars-1.05-481.1.el9_6.noarch
DEBUG util.py:463:  perl-Getopt-Long-2.52-4.el9.noarch
DEBUG util.py:463:  perl-Carp-1.50-460.el9.noarch
DEBUG util.py:463:  perl-Exporter-5.74-461.el9.noarch
DEBUG util.py:463:  perl-PathTools-3.78-461.el9.x86_64
DEBUG util.py:463:  perl-Encode-3.08-462.el9.x86_64
DEBUG util.py:463:  perl-libs-5.32.1-481.1.el9_6.x86_64
DEBUG util.py:463:  perl-interpreter-5.32.1-481.1.el9_6.x86_64
DEBUG util.py:463:  kernel-srpm-macros-1.0-14.el9.noarch
DEBUG util.py:463:  openssl-3.5.1-7.el9_7.x86_64
DEBUG util.py:463:  libpwquality-1.4.4-8.el9.x86_64
DEBUG util.py:463:  pam-1.5.1-26.el9_6.x86_64
DEBUG util.py:463:  libevent-2.1.12-8.el9_4.x86_64
DEBUG util.py:463:  libsemanage-3.6-5.el9_6.x86_64
DEBUG util.py:463:  shadow-utils-4.9-15.el9.x86_64
DEBUG util.py:463:  libutempter-1.2.1-6.el9.x86_64
DEBUG util.py:463:  openldap-2.6.8-4.el9.x86_64
DEBUG util.py:463:  libcurl-7.76.1-35.el9_7.3.x86_64
DEBUG util.py:463:  curl-7.76.1-35.el9_7.3.x86_64
DEBUG util.py:463:  rpm-libs-4.16.1.3-39.el9.x86_64
DEBUG util.py:463:  rpm-4.16.1.3-39.el9.x86_64
DEBUG util.py:463:  efi-srpm-macros-6-4.el9.noarch
DEBUG util.py:463:  lua-srpm-macros-1-6.el9.noarch
DEBUG util.py:463:  rpmautospec-rpm-macros-0.8.4-1.el9.noarch
DEBUG util.py:463:  tar-1.34-9.el9_7.x86_64
DEBUG util.py:463:  patch-2.7.6-16.el9.x86_64
DEBUG util.py:463:  elfutils-default-yama-scope-0.193-1.el9.alma.1.noarch
DEBUG util.py:463:  elfutils-libs-0.193-1.el9.alma.1.x86_64
DEBUG util.py:463:  elfutils-debuginfod-client-0.193-1.el9.alma.1.x86_64
DEBUG util.py:463:  binutils-gold-2.35.2-67.el9_7.1.x86_64
DEBUG util.py:463:  binutils-2.35.2-67.el9_7.1.x86_64
DEBUG util.py:463:  elfutils-0.193-1.el9.alma.1.x86_64
DEBUG util.py:463:  gdb-minimal-16.3-2.el9.x86_64
DEBUG util.py:463:  debugedit-5.0-11.el9.x86_64
DEBUG util.py:463:  rpm-build-libs-4.16.1.3-39.el9.x86_64
DEBUG util.py:463:  fonts-srpm-macros-2.0.5-7.el9.1.noarch
DEBUG util.py:463:  go-srpm-macros-3.6.0-14.el9_7.noarch
DEBUG util.py:463:  python-srpm-macros-3.9-54.el9.noarch
DEBUG util.py:463:  redhat-rpm-config-210-1.el9.alma.1.noarch
DEBUG util.py:463:  rpm-build-4.16.1.3-39.el9.x86_64
DEBUG util.py:463:  pyproject-srpm-macros-1.16.2-1.el9.noarch
DEBUG util.py:463:  forge-srpm-macros-0.4.0-1.el9.noarch
DEBUG util.py:463:  go-srpm-macros-epel-3.8.0-1.el9.noarch
DEBUG util.py:463:  R-srpm-macros-1.3.7-1.el9.noarch
DEBUG util.py:463:  epel-rpm-macros-9-18.el9.noarch
DEBUG util.py:463:  util-linux-2.37.4-21.el9_7.x86_64
DEBUG util.py:463:  which-2.21-30.el9_6.x86_64
DEBUG util.py:610:  Child return code was: 0
DEBUG util.py:185:  kill orphans in chroot /var/lib/mock/alma+epel-9-x86_64/root
DEBUG util.py:185:  kill orphans in chroot /var/lib/mock/alma+epel-9-x86_64-bootstrap/root/var/lib/mock/alma+epel-9-x86_64/root
DEBUG util.py:636:  child environment: None
DEBUG util.py:558:  Executing command: ['/bin/umount', '-n', '-l', '/var/lib/mock/alma+epel-9-x86_64-bootstrap/root/var/lib/mock/alma+epel-9-x86_64/root'] with env {'TERM': 'vt100', 'SHELL': '/bin/sh', 'HOME': '/builddir', 'HOSTNAME': 'mock', 'PATH': '/usr/bin:/bin:/usr/sbin:/sbin', 'LANG': 'C.UTF-8'} and shell False
DEBUG util.py:610:  Child return code was: 0
DEBUG util.py:636:  child environment: None
DEBUG util.py:558:  Executing command: ['/bin/umount', '-n', '-l', '/var/lib/mock/alma+epel-9-x86_64-bootstrap/root/var/lib/mock/alma+epel-9-x86_64/root'] with env {'TERM': 'vt100', 'SHELL': '/bin/sh', 'HOME': '/builddir', 'HOSTNAME': 'mock', 'PATH': '/usr/bin:/bin:/usr/sbin:/sbin', 'LANG': 'C.UTF-8'} and shell False
DEBUG util.py:610:  Child return code was: 0
DEBUG util.py:636:  child environment: None
DEBUG util.py:553:  Using nspawn with args ['--capability=cap_ipc_lock', '--bind=/tmp/mock-resolv._754fht3:/etc/resolv.conf', '--bind=/dev/mapper/control', '--bind=/dev/fuse', '--bind=/dev/loop-control', '--bind=/dev/loop0', '--bind=/dev/loop1', '--bind=/dev/loop2', '--bind=/dev/loop3', '--bind=/dev/loop4', '--bind=/dev/loop5', '--bind=/dev/loop6', '--bind=/dev/loop7', '--bind=/dev/loop8', '--bind=/dev/loop9', '--bind=/dev/loop10', '--bind=/dev/loop11']
DEBUG util.py:558:  Executing command: ['/usr/bin/systemd-nspawn', '-q', '-M', '8521d9088c714959955dae2098265656', '-D', '/var/lib/mock/alma+epel-9-x86_64/root', '-a', '--capability=cap_ipc_lock', '--bind=/tmp/mock-resolv._754fht3:/etc/resolv.conf', '--bind=/dev/mapper/control', '--bind=/dev/fuse', '--bind=/dev/loop-control', '--bind=/dev/loop0', '--bind=/dev/loop1', '--bind=/dev/loop2', '--bind=/dev/loop3', '--bind=/dev/loop4', '--bind=/dev/loop5', '--bind=/dev/loop6', '--bind=/dev/loop7', '--bind=/dev/loop8', '--bind=/dev/loop9', '--bind=/dev/loop10', '--bind=/dev/loop11', '--console=pipe', '--setenv=TERM=vt100', '--setenv=SHELL=/bin/bash', '--setenv=HOME=/builddir', '--setenv=HOSTNAME=mock', '--setenv=PATH=/usr/bin:/bin:/usr/sbin:/sbin', '--setenv=PROMPT_COMMAND=printf "\\033]0;<mock-chroot>\\007"', '--setenv=PS1=<mock-chroot> \\s-\\v\\$ ', '--setenv=LANG=C.UTF-8', '--resolv-conf=off', '/bin/sh', '-c', 'case $(rpmbuild --help) in *--noclean*) exit 0; esac; exit 1'] with env {'TERM': 'vt100', 'SHELL': '/bin/bash', 'HOME': '/builddir', 'HOSTNAME': 'mock', 'PATH': '/usr/bin:/bin:/usr/sbin:/sbin', 'PROMPT_COMMAND': 'printf "\\033]0;<mock-chroot>\\007"', 'PS1': '<mock-chroot> \\s-\\v\\$ ', 'LANG': 'C.UTF-8', 'SYSTEMD_NSPAWN_TMPFS_TMP': '0', 'SYSTEMD_SECCOMP': '0'} and shell False
DEBUG util.py:610:  Child return code was: 0
DEBUG util.py:636:  child environment: None
DEBUG file_util.py:17:  ensuring that dir exists: /var/lib/mock/alma+epel-9-x86_64/root/proc
DEBUG util.py:636:  child environment: None
DEBUG util.py:558:  Executing command: ['/bin/mount', '-n', '-t', 'tmpfs', '-o', 'rprivate,mode=0755', 'tmpfs', '/var/lib/mock/alma+epel-9-x86_64/root/proc'] with env {'TERM': 'vt100', 'SHELL': '/bin/sh', 'HOME': '/builddir', 'HOSTNAME': 'mock', 'PATH': '/usr/bin:/bin:/usr/sbin:/sbin', 'LANG': 'C.UTF-8'} and shell False
DEBUG util.py:610:  Child return code was: 0
DEBUG file_util.py:17:  ensuring that dir exists: /var/lib/mock/alma+epel-9-x86_64/root/proc
DEBUG util.py:636:  child environment: None
DEBUG util.py:558:  Executing command: ['/bin/mount', '-n', '-o', 'rbind', '/proc', '/var/lib/mock/alma+epel-9-x86_64/root/proc'] with env {'TERM': 'vt100', 'SHELL': '/bin/sh', 'HOME': '/builddir', 'HOSTNAME': 'mock', 'PATH': '/usr/bin:/bin:/usr/sbin:/sbin', 'LANG': 'C.UTF-8'} and shell False
DEBUG util.py:610:  Child return code was: 0
DEBUG util.py:636:  child environment: None
DEBUG util.py:558:  Executing command: ['/bin/mount', '-n', '-o', 'remount,nodev,noexec,nosuid,readonly,rprivate,rbind', '--target', '/var/lib/mock/alma+epel-9-x86_64/root/proc'] with env {'TERM': 'vt100', 'SHELL': '/bin/sh', 'HOME': '/builddir', 'HOSTNAME': 'mock', 'PATH': '/usr/bin:/bin:/usr/sbin:/sbin', 'LANG': 'C.UTF-8'} and shell False
DEBUG util.py:610:  Child return code was: 0
DEBUG file_util.py:17:  ensuring that dir exists: /var/lib/mock/alma+epel-9-x86_64/root/sys
DEBUG util.py:636:  child environment: None
DEBUG util.py:558:  Executing command: ['/bin/mount', '-n', '-t', 'tmpfs', '-o', 'rprivate,mode=0755', 'tmpfs', '/var/lib/mock/alma+epel-9-x86_64/root/sys'] with env {'TERM': 'vt100', 'SHELL': '/bin/sh', 'HOME': '/builddir', 'HOSTNAME': 'mock', 'PATH': '/usr/bin:/bin:/usr/sbin:/sbin', 'LANG': 'C.UTF-8'} and shell False
DEBUG util.py:610:  Child return code was: 0
DEBUG file_util.py:17:  ensuring that dir exists: /var/lib/mock/alma+epel-9-x86_64/root/sys
DEBUG util.py:636:  child environment: None
DEBUG util.py:558:  Executing command: ['/bin/mount', '-n', '-o', 'rbind', '/sys', '/var/lib/mock/alma+epel-9-x86_64/root/sys'] with env {'TERM': 'vt100', 'SHELL': '/bin/sh', 'HOME': '/builddir', 'HOSTNAME': 'mock', 'PATH': '/usr/bin:/bin:/usr/sbin:/sbin', 'LANG': 'C.UTF-8'} and shell False
DEBUG util.py:610:  Child return code was: 0
DEBUG util.py:636:  child environment: None
DEBUG util.py:558:  Executing command: ['/bin/mount', '-n', '-o', 'remount,nodev,noexec,nosuid,readonly,rprivate,rbind', '--target', '/var/lib/mock/alma+epel-9-x86_64/root/sys'] with env {'TERM': 'vt100', 'SHELL': '/bin/sh', 'HOME': '/builddir', 'HOSTNAME': 'mock', 'PATH': '/usr/bin:/bin:/usr/sbin:/sbin', 'LANG': 'C.UTF-8'} and shell False
DEBUG util.py:610:  Child return code was: 0
DEBUG file_util.py:17:  ensuring that dir exists: /var/lib/mock/alma+epel-9-x86_64/root/dev/shm
DEBUG util.py:636:  child environment: None
DEBUG util.py:558:  Executing command: ['/bin/mount', '-n', '-t', 'tmpfs', 'tmpfs', '/var/lib/mock/alma+epel-9-x86_64/root/dev/shm'] with env {'TERM': 'vt100', 'SHELL': '/bin/sh', 'HOME': '/builddir', 'HOSTNAME': 'mock', 'PATH': '/usr/bin:/bin:/usr/sbin:/sbin', 'LANG': 'C.UTF-8'} and shell False
DEBUG util.py:610:  Child return code was: 0
DEBUG file_util.py:17:  ensuring that dir exists: /var/lib/mock/alma+epel-9-x86_64/root/dev/pts
DEBUG util.py:636:  child environment: None
DEBUG util.py:558:  Executing command: ['/bin/mount', '-n', '-t', 'devpts', '-o', 'gid=5,mode=0620,ptmxmode=0666,newinstance', 'devpts', '/var/lib/mock/alma+epel-9-x86_64/root/dev/pts'] with env {'TERM': 'vt100', 'SHELL': '/bin/sh', 'HOME': '/builddir', 'HOSTNAME': 'mock', 'PATH': '/usr/bin:/bin:/usr/sbin:/sbin', 'LANG': 'C.UTF-8'} and shell False
DEBUG util.py:610:  Child return code was: 0
DEBUG util.py:636:  child environment: None
DEBUG util.py:558:  Executing command: ['/bin/mount', '-n', '-o', 'bind', '/tmp/mock-selinux-plugin.urgi3na9', '/var/lib/mock/alma+epel-9-x86_64/root/proc/filesystems'] with env {'TERM': 'vt100', 'SHELL': '/bin/sh', 'HOME': '/builddir', 'HOSTNAME': 'mock', 'PATH': '/usr/bin:/bin:/usr/sbin:/sbin', 'LANG': 'C.UTF-8'} and shell False
DEBUG util.py:610:  Child return code was: 0
DEBUG file_util.py:17:  ensuring that dir exists: /var/lib/mock/alma+epel-9-x86_64/root/sys/fs/selinux
DEBUG util.py:636:  child environment: None
DEBUG util.py:558:  Executing command: ['/bin/mount', '-n', '-t', 'tmpfs', 'tmpfs', '/var/lib/mock/alma+epel-9-x86_64/root/sys/fs/selinux'] with env {'TERM': 'vt100', 'SHELL': '/bin/sh', 'HOME': '/builddir', 'HOSTNAME': 'mock', 'PATH': '/usr/bin:/bin:/usr/sbin:/sbin', 'LANG': 'C.UTF-8'} and shell False
DEBUG util.py:610:  Child return code was: 0
DEBUG file_util.py:17:  ensuring that dir exists: /var/lib/mock/alma+epel-9-x86_64-bootstrap/root/var/lib/mock/alma+epel-9-x86_64/root
DEBUG util.py:636:  child environment: None
DEBUG util.py:558:  Executing command: ['/bin/mount', '-n', '-t', 'tmpfs', '-o', 'private,mode=0755', 'tmpfs', '/var/lib/mock/alma+epel-9-x86_64-bootstrap/root/var/lib/mock/alma+epel-9-x86_64/root'] with env {'TERM': 'vt100', 'SHELL': '/bin/sh', 'HOME': '/builddir', 'HOSTNAME': 'mock', 'PATH': '/usr/bin:/bin:/usr/sbin:/sbin', 'LANG': 'C.UTF-8'} and shell False
DEBUG util.py:610:  Child return code was: 0
DEBUG file_util.py:17:  ensuring that dir exists: /var/lib/mock/alma+epel-9-x86_64-bootstrap/root/var/lib/mock/alma+epel-9-x86_64/root
DEBUG util.py:636:  child environment: None
DEBUG util.py:558:  Executing command: ['/bin/mount', '-n', '-o', 'rbind', '/var/lib/mock/alma+epel-9-x86_64/root', '/var/lib/mock/alma+epel-9-x86_64-bootstrap/root/var/lib/mock/alma+epel-9-x86_64/root'] with env {'TERM': 'vt100', 'SHELL': '/bin/sh', 'HOME': '/builddir', 'HOSTNAME': 'mock', 'PATH': '/usr/bin:/bin:/usr/sbin:/sbin', 'LANG': 'C.UTF-8'} and shell False
DEBUG util.py:610:  Child return code was: 0
DEBUG util.py:636:  child environment: None
DEBUG util.py:558:  Executing command: ['/bin/mount', '-n', '-o', 'remount,private,rbind', '--target', '/var/lib/mock/alma+epel-9-x86_64-bootstrap/root/var/lib/mock/alma+epel-9-x86_64/root'] with env {'TERM': 'vt100', 'SHELL': '/bin/sh', 'HOME': '/builddir', 'HOSTNAME': 'mock', 'PATH': '/usr/bin:/bin:/usr/sbin:/sbin', 'LANG': 'C.UTF-8'} and shell False
DEBUG util.py:610:  Child return code was: 0
DEBUG file_util.py:17:  ensuring that dir exists: /var/lib/mock/alma+epel-9-x86_64/root/installation-homedir
DEBUG package_manager.py:295:  ['/usr/bin/dnf-3', 'builddep', '--installroot', '/var/lib/mock/alma+epel-9-x86_64/root/', '--releasever', '9', '--setopt=deltarpm=False', '--setopt=allow_vendor_change=yes', '--allowerasing', '--disableplugin=local', '--disableplugin=spacewalk', '--disableplugin=versionlock', '/var/lib/mock/alma+epel-9-x86_64/root//builddir/build/SRPMS/uw-imap-2007f-24.el9.src.rpm']
DEBUG util.py:636:  child environment: None
DEBUG util.py:553:  Using nspawn with args ['--capability=cap_ipc_lock', '--bind=/tmp/mock-resolv.ashqs1x8:/etc/resolv.conf']
DEBUG util.py:558:  Executing command: ['/usr/bin/systemd-nspawn', '-q', '-M', '419cd2465f9d46329945168f6010116f', '-D', '/var/lib/mock/alma+epel-9-x86_64-bootstrap/root', '-a', '--capability=cap_ipc_lock', '--bind=/tmp/mock-resolv.ashqs1x8:/etc/resolv.conf', '--console=pipe', '--setenv=TERM=vt100', '--setenv=SHELL=/bin/bash', '--setenv=HOME=/var/lib/mock/alma+epel-9-x86_64/root/installation-homedir', '--setenv=HOSTNAME=mock', '--setenv=PATH=/usr/bin:/bin:/usr/sbin:/sbin', '--setenv=PROMPT_COMMAND=printf "\\033]0;<mock-chroot>\\007"', '--setenv=PS1=<mock-chroot> \\s-\\v\\$ ', '--setenv=LANG=C.UTF-8', '--setenv=LC_MESSAGES=C.UTF-8', '--resolv-conf=off', '/usr/bin/dnf-3', 'builddep', '--installroot', '/var/lib/mock/alma+epel-9-x86_64/root/', '--releasever', '9', '--setopt=deltarpm=False', '--setopt=allow_vendor_change=yes', '--allowerasing', '--disableplugin=local', '--disableplugin=spacewalk', '--disableplugin=versionlock', '/var/lib/mock/alma+epel-9-x86_64/root//builddir/build/SRPMS/uw-imap-2007f-24.el9.src.rpm', '--setopt=tsflags=nocontexts'] with env {'TERM': 'vt100', 'SHELL': '/bin/bash', 'HOME': '/var/lib/mock/alma+epel-9-x86_64/root/installation-homedir', 'HOSTNAME': 'mock', 'PATH': '/usr/bin:/bin:/usr/sbin:/sbin', 'PROMPT_COMMAND': 'printf "\\033]0;<mock-chroot>\\007"', 'PS1': '<mock-chroot> \\s-\\v\\$ ', 'LANG': 'C.UTF-8', 'LC_MESSAGES': 'C.UTF-8', 'SYSTEMD_NSPAWN_TMPFS_TMP': '0', 'SYSTEMD_SECCOMP': '0'} and shell False
DEBUG util.py:461:  No matches found for the following disable plugin patterns: local, spacewalk, versionlock
DEBUG util.py:463:  AlmaLinux 9 - BaseOS                                                                                                                                         3.8 kB/s | 3.8 kB     00:01    
DEBUG util.py:463:  AlmaLinux 9 - AppStream                                                                                                                                      4.9 kB/s | 4.2 kB     00:00    
DEBUG util.py:463:  AlmaLinux 9 - CRB                                                                                                                                            5.1 kB/s | 4.2 kB     00:00    
DEBUG util.py:463:  AlmaLinux 9 - Extras                                                                                                                                         3.7 kB/s | 3.3 kB     00:00    
DEBUG util.py:463:  Extra Packages for Enterprise Linux 9 - x86_64                                                                                                                29 kB/s |  34 kB     00:01    
DEBUG util.py:463:  Dependencies resolved.
DEBUG util.py:463:  =============================================================================================================================================================================================
DEBUG util.py:463:   Package                                           Architecture                         Version                                                Repository                               Size
DEBUG util.py:463:  =============================================================================================================================================================================================
DEBUG util.py:463:  Installing:
DEBUG util.py:463:   gcc                                               x86_64                               11.5.0-11.el9.alma.1                                   appstream                                32 M
DEBUG util.py:463:   krb5-devel                                        x86_64                               1.21.1-9.el9_7                                         appstream                               131 k
DEBUG util.py:463:   openssl-devel                                     x86_64                               1:3.5.1-7.el9_7                                        appstream                               3.4 M
DEBUG util.py:463:   pam-devel                                         x86_64                               1.5.1-26.el9_6                                         appstream                               140 k
DEBUG util.py:463:  Installing dependencies:
DEBUG util.py:463:   annobin                                           x86_64                               12.98-1.el9                                            appstream                               1.1 M
DEBUG util.py:463:   cpp                                               x86_64                               11.5.0-11.el9.alma.1                                   appstream                                11 M
DEBUG util.py:463:   gcc-plugin-annobin                                x86_64                               11.5.0-11.el9.alma.1                                   appstream                                37 k
DEBUG util.py:463:   glibc-devel                                       x86_64                               2.34-231.el9_7.10                                      appstream                                34 k
DEBUG util.py:463:   glibc-headers                                     x86_64                               2.34-231.el9_7.10                                      appstream                               440 k
DEBUG util.py:463:   kernel-headers                                    x86_64                               5.14.0-611.49.2.el9_7                                  appstream                               1.6 M
DEBUG util.py:463:   keyutils-libs-devel                               x86_64                               1.6.3-1.el9                                            appstream                                54 k
DEBUG util.py:463:   libcom_err-devel                                  x86_64                               1.46.5-8.el9                                           appstream                                15 k
DEBUG util.py:463:   libedit                                           x86_64                               3.1-38.20210216cvs.el9                                 baseos                                  103 k
DEBUG util.py:463:   libkadm5                                          x86_64                               1.21.1-9.el9_7                                         baseos                                   75 k
DEBUG util.py:463:   libmpc                                            x86_64                               1.2.1-4.el9                                            appstream                                61 k
DEBUG util.py:463:   libselinux-devel                                  x86_64                               3.6-3.el9                                              appstream                               113 k
DEBUG util.py:463:   libsepol-devel                                    x86_64                               3.6-3.el9                                              appstream                                39 k
DEBUG util.py:463:   libverto-devel                                    x86_64                               0.3.2-3.el9                                            appstream                                14 k
DEBUG util.py:463:   libxcrypt-devel                                   x86_64                               4.4.18-3.el9                                           appstream                                28 k
DEBUG util.py:463:   llvm-filesystem                                   x86_64                               20.1.8-3.el9                                           appstream                               9.1 k
DEBUG util.py:463:   llvm-libs                                         x86_64                               20.1.8-3.el9                                           appstream                                30 M
DEBUG util.py:463:   make                                              x86_64                               1:4.3-8.el9                                            baseos                                  530 k
DEBUG util.py:463:   pcre2-devel                                       x86_64                               10.40-6.el9                                            appstream                               471 k
DEBUG util.py:463:   pcre2-utf16                                       x86_64                               10.40-6.el9                                            appstream                               213 k
DEBUG util.py:463:   pcre2-utf32                                       x86_64                               10.40-6.el9                                            appstream                               202 k
DEBUG util.py:463:  Transaction Summary
DEBUG util.py:463:  =============================================================================================================================================================================================
DEBUG util.py:463:  Install  25 Packages
DEBUG util.py:463:  Total download size: 82 M
DEBUG util.py:463:  Installed size: 260 M
DEBUG util.py:463:  Downloading Packages:
DEBUG util.py:463:  (1/25): libkadm5-1.21.1-9.el9_7.x86_64.rpm                                                                                                                   155 kB/s |  75 kB     00:00    
DEBUG util.py:463:  (2/25): libedit-3.1-38.20210216cvs.el9.x86_64.rpm                                                                                                            175 kB/s | 103 kB     00:00    
DEBUG util.py:463:  (3/25): make-4.3-8.el9.x86_64.rpm                                                                                                                            420 kB/s | 530 kB     00:01    
DEBUG util.py:463:  (4/25): annobin-12.98-1.el9.x86_64.rpm                                                                                                                       590 kB/s | 1.1 MB     00:01    
DEBUG util.py:463:  (5/25): gcc-plugin-annobin-11.5.0-11.el9.alma.1.x86_64.rpm                                                                                                   225 kB/s |  37 kB     00:00    
DEBUG util.py:463:  (6/25): glibc-devel-2.34-231.el9_7.10.x86_64.rpm                                                                                                             305 kB/s |  34 kB     00:00    
DEBUG util.py:463:  (7/25): glibc-headers-2.34-231.el9_7.10.x86_64.rpm                                                                                                           157 kB/s | 440 kB     00:02    
DEBUG util.py:463:  (8/25): cpp-11.5.0-11.el9.alma.1.x86_64.rpm                                                                                                                  760 kB/s |  11 MB     00:14    
DEBUG util.py:463:  (9/25): kernel-headers-5.14.0-611.49.2.el9_7.x86_64.rpm                                                                                                      145 kB/s | 1.6 MB     00:10    
DEBUG util.py:463:  (10/25): keyutils-libs-devel-1.6.3-1.el9.x86_64.rpm                                                                                                           37 kB/s |  54 kB     00:01    
DEBUG util.py:463:  (11/25): libcom_err-devel-1.46.5-8.el9.x86_64.rpm                                                                                                            145 kB/s |  15 kB     00:00    
DEBUG util.py:463:  (12/25): krb5-devel-1.21.1-9.el9_7.x86_64.rpm                                                                                                                359 kB/s | 131 kB     00:00    
DEBUG util.py:463:  (13/25): libmpc-1.2.1-4.el9.x86_64.rpm                                                                                                                       231 kB/s |  61 kB     00:00    
DEBUG util.py:463:  (14/25): libselinux-devel-3.6-3.el9.x86_64.rpm                                                                                                               622 kB/s | 113 kB     00:00    
DEBUG util.py:463:  (15/25): libsepol-devel-3.6-3.el9.x86_64.rpm                                                                                                                 235 kB/s |  39 kB     00:00    
DEBUG util.py:463:  (16/25): libverto-devel-0.3.2-3.el9.x86_64.rpm                                                                                                               183 kB/s |  14 kB     00:00    
DEBUG util.py:463:  (17/25): libxcrypt-devel-4.4.18-3.el9.x86_64.rpm                                                                                                             419 kB/s |  28 kB     00:00    
DEBUG util.py:463:  (18/25): llvm-filesystem-20.1.8-3.el9.x86_64.rpm                                                                                                             151 kB/s | 9.1 kB     00:00    
DEBUG util.py:463:  (19/25): openssl-devel-3.5.1-7.el9_7.x86_64.rpm                                                                                                              585 kB/s | 3.4 MB     00:05    
DEBUG util.py:463:  (20/25): pam-devel-1.5.1-26.el9_6.x86_64.rpm                                                                                                                 358 kB/s | 140 kB     00:00    
DEBUG util.py:463:  (21/25): pcre2-devel-10.40-6.el9.x86_64.rpm                                                                                                                  666 kB/s | 471 kB     00:00    
DEBUG util.py:463:  (22/25): pcre2-utf16-10.40-6.el9.x86_64.rpm                                                                                                                  436 kB/s | 213 kB     00:00    
DEBUG util.py:463:  (23/25): pcre2-utf32-10.40-6.el9.x86_64.rpm                                                                                                                  683 kB/s | 202 kB     00:00    
DEBUG util.py:463:  (24/25): gcc-11.5.0-11.el9.alma.1.x86_64.rpm                                                                                                                 443 kB/s |  32 MB     01:14    
DEBUG util.py:463:  (25/25): llvm-libs-20.1.8-3.el9.x86_64.rpm                                                                                                                   456 kB/s |  30 MB     01:07    
DEBUG util.py:463:  ---------------------------------------------------------------------------------------------------------------------------------------------------------------------------------------------
DEBUG util.py:463:  Total                                                                                                                                                        967 kB/s |  82 MB     01:26     
DEBUG util.py:463:  Running transaction check
DEBUG util.py:463:  Transaction check succeeded.
DEBUG util.py:463:  Running transaction test
DEBUG util.py:463:  Transaction test succeeded.
DEBUG util.py:463:  Running transaction
DEBUG util.py:463:    Preparing        :                                                                                                                                                                     1/1 
DEBUG util.py:463:    Installing       : libmpc-1.2.1-4.el9.x86_64                                                                                                                                          1/25 
DEBUG util.py:463:    Installing       : cpp-11.5.0-11.el9.alma.1.x86_64                                                                                                                                    2/25 
DEBUG util.py:463:    Installing       : pcre2-utf32-10.40-6.el9.x86_64                                                                                                                                     3/25 
DEBUG util.py:463:    Installing       : pcre2-utf16-10.40-6.el9.x86_64                                                                                                                                     4/25 
DEBUG util.py:463:    Installing       : pcre2-devel-10.40-6.el9.x86_64                                                                                                                                     5/25 
DEBUG util.py:463:    Installing       : llvm-filesystem-20.1.8-3.el9.x86_64                                                                                                                                6/25 
DEBUG util.py:463:    Installing       : libverto-devel-0.3.2-3.el9.x86_64                                                                                                                                  7/25 
DEBUG util.py:463:    Installing       : libsepol-devel-3.6-3.el9.x86_64                                                                                                                                    8/25 
DEBUG util.py:463:    Installing       : libselinux-devel-3.6-3.el9.x86_64                                                                                                                                  9/25 
DEBUG util.py:463:    Installing       : libcom_err-devel-1.46.5-8.el9.x86_64                                                                                                                              10/25 
DEBUG util.py:463:    Installing       : keyutils-libs-devel-1.6.3-1.el9.x86_64                                                                                                                            11/25 
DEBUG util.py:463:    Installing       : kernel-headers-5.14.0-611.49.2.el9_7.x86_64                                                                                                                       12/25 
DEBUG util.py:463:    Installing       : glibc-headers-2.34-231.el9_7.10.x86_64                                                                                                                            13/25 
DEBUG util.py:463:    Installing       : libxcrypt-devel-4.4.18-3.el9.x86_64                                                                                                                               14/25 
DEBUG util.py:463:    Installing       : glibc-devel-2.34-231.el9_7.10.x86_64                                                                                                                              15/25 
DEBUG util.py:463:    Installing       : make-1:4.3-8.el9.x86_64                                                                                                                                           16/25 
DEBUG util.py:463:    Installing       : gcc-11.5.0-11.el9.alma.1.x86_64                                                                                                                                   17/25 
DEBUG util.py:463:    Running scriptlet: gcc-11.5.0-11.el9.alma.1.x86_64                                                                                                                                   17/25 
DEBUG util.py:463:    Installing       : libkadm5-1.21.1-9.el9_7.x86_64                                                                                                                                    18/25 
DEBUG util.py:463:    Installing       : libedit-3.1-38.20210216cvs.el9.x86_64                                                                                                                             19/25 
DEBUG util.py:463:    Installing       : llvm-libs-20.1.8-3.el9.x86_64                                                                                                                                     20/25 
DEBUG util.py:463:    Installing       : annobin-12.98-1.el9.x86_64                                                                                                                                        21/25 
DEBUG util.py:463:    Running scriptlet: annobin-12.98-1.el9.x86_64                                                                                                                                        21/25 
DEBUG util.py:463:    Installing       : krb5-devel-1.21.1-9.el9_7.x86_64                                                                                                                                  22/25 
DEBUG util.py:463:    Installing       : gcc-plugin-annobin-11.5.0-11.el9.alma.1.x86_64                                                                                                                    23/25 
DEBUG util.py:463:    Running scriptlet: gcc-plugin-annobin-11.5.0-11.el9.alma.1.x86_64                                                                                                                    23/25 
DEBUG util.py:463:    Installing       : pam-devel-1.5.1-26.el9_6.x86_64                                                                                                                                   24/25 
DEBUG util.py:463:    Installing       : openssl-devel-1:3.5.1-7.el9_7.x86_64                                                                                                                              25/25 
DEBUG util.py:463:    Running scriptlet: openssl-devel-1:3.5.1-7.el9_7.x86_64                                                                                                                              25/25 
DEBUG util.py:463:    Verifying        : libedit-3.1-38.20210216cvs.el9.x86_64                                                                                                                              1/25 
DEBUG util.py:463:    Verifying        : libkadm5-1.21.1-9.el9_7.x86_64                                                                                                                                     2/25 
DEBUG util.py:463:    Verifying        : make-1:4.3-8.el9.x86_64                                                                                                                                            3/25 
DEBUG util.py:463:    Verifying        : annobin-12.98-1.el9.x86_64                                                                                                                                         4/25 
DEBUG util.py:463:    Verifying        : cpp-11.5.0-11.el9.alma.1.x86_64                                                                                                                                    5/25 
DEBUG util.py:463:    Verifying        : gcc-11.5.0-11.el9.alma.1.x86_64                                                                                                                                    6/25 
DEBUG util.py:463:    Verifying        : gcc-plugin-annobin-11.5.0-11.el9.alma.1.x86_64                                                                                                                     7/25 
DEBUG util.py:463:    Verifying        : glibc-devel-2.34-231.el9_7.10.x86_64                                                                                                                               8/25 
DEBUG util.py:463:    Verifying        : glibc-headers-2.34-231.el9_7.10.x86_64                                                                                                                             9/25 
DEBUG util.py:463:    Verifying        : kernel-headers-5.14.0-611.49.2.el9_7.x86_64                                                                                                                       10/25 
DEBUG util.py:463:    Verifying        : keyutils-libs-devel-1.6.3-1.el9.x86_64                                                                                                                            11/25 
DEBUG util.py:463:    Verifying        : krb5-devel-1.21.1-9.el9_7.x86_64                                                                                                                                  12/25 
DEBUG util.py:463:    Verifying        : libcom_err-devel-1.46.5-8.el9.x86_64                                                                                                                              13/25 
DEBUG util.py:463:    Verifying        : libmpc-1.2.1-4.el9.x86_64                                                                                                                                         14/25 
DEBUG util.py:463:    Verifying        : libselinux-devel-3.6-3.el9.x86_64                                                                                                                                 15/25 
DEBUG util.py:463:    Verifying        : libsepol-devel-3.6-3.el9.x86_64                                                                                                                                   16/25 
DEBUG util.py:463:    Verifying        : libverto-devel-0.3.2-3.el9.x86_64                                                                                                                                 17/25 
DEBUG util.py:463:    Verifying        : libxcrypt-devel-4.4.18-3.el9.x86_64                                                                                                                               18/25 
DEBUG util.py:463:    Verifying        : llvm-filesystem-20.1.8-3.el9.x86_64                                                                                                                               19/25 
DEBUG util.py:463:    Verifying        : llvm-libs-20.1.8-3.el9.x86_64                                                                                                                                     20/25 
DEBUG util.py:463:    Verifying        : openssl-devel-1:3.5.1-7.el9_7.x86_64                                                                                                                              21/25 
DEBUG util.py:463:    Verifying        : pam-devel-1.5.1-26.el9_6.x86_64                                                                                                                                   22/25 
DEBUG util.py:463:    Verifying        : pcre2-devel-10.40-6.el9.x86_64                                                                                                                                    23/25 
DEBUG util.py:463:    Verifying        : pcre2-utf16-10.40-6.el9.x86_64                                                                                                                                    24/25 
DEBUG util.py:463:    Verifying        : pcre2-utf32-10.40-6.el9.x86_64                                                                                                                                    25/25 
DEBUG util.py:463:  Installed:
DEBUG util.py:463:    annobin-12.98-1.el9.x86_64                cpp-11.5.0-11.el9.alma.1.x86_64             gcc-11.5.0-11.el9.alma.1.x86_64                  gcc-plugin-annobin-11.5.0-11.el9.alma.1.x86_64     
DEBUG util.py:463:    glibc-devel-2.34-231.el9_7.10.x86_64      glibc-headers-2.34-231.el9_7.10.x86_64      kernel-headers-5.14.0-611.49.2.el9_7.x86_64      keyutils-libs-devel-1.6.3-1.el9.x86_64             
DEBUG util.py:463:    krb5-devel-1.21.1-9.el9_7.x86_64          libcom_err-devel-1.46.5-8.el9.x86_64        libedit-3.1-38.20210216cvs.el9.x86_64            libkadm5-1.21.1-9.el9_7.x86_64                     
DEBUG util.py:463:    libmpc-1.2.1-4.el9.x86_64                 libselinux-devel-3.6-3.el9.x86_64           libsepol-devel-3.6-3.el9.x86_64                  libverto-devel-0.3.2-3.el9.x86_64                  
DEBUG util.py:463:    libxcrypt-devel-4.4.18-3.el9.x86_64       llvm-filesystem-20.1.8-3.el9.x86_64         llvm-libs-20.1.8-3.el9.x86_64                    make-1:4.3-8.el9.x86_64                            
DEBUG util.py:463:    openssl-devel-1:3.5.1-7.el9_7.x86_64      pam-devel-1.5.1-26.el9_6.x86_64             pcre2-devel-10.40-6.el9.x86_64                   pcre2-utf16-10.40-6.el9.x86_64                     
DEBUG util.py:463:    pcre2-utf32-10.40-6.el9.x86_64           
DEBUG util.py:463:  Complete!
DEBUG util.py:610:  Child return code was: 0
DEBUG util.py:185:  kill orphans in chroot /var/lib/mock/alma+epel-9-x86_64/root
DEBUG util.py:185:  kill orphans in chroot /var/lib/mock/alma+epel-9-x86_64-bootstrap/root/var/lib/mock/alma+epel-9-x86_64/root
DEBUG util.py:636:  child environment: None
DEBUG util.py:558:  Executing command: ['/bin/umount', '-n', '-l', '/var/lib/mock/alma+epel-9-x86_64-bootstrap/root/var/lib/mock/alma+epel-9-x86_64/root'] with env {'TERM': 'vt100', 'SHELL': '/bin/sh', 'HOME': '/builddir', 'HOSTNAME': 'mock', 'PATH': '/usr/bin:/bin:/usr/sbin:/sbin', 'LANG': 'C.UTF-8'} and shell False
DEBUG util.py:610:  Child return code was: 0
DEBUG util.py:636:  child environment: None
DEBUG util.py:558:  Executing command: ['/bin/umount', '-n', '-l', '/var/lib/mock/alma+epel-9-x86_64-bootstrap/root/var/lib/mock/alma+epel-9-x86_64/root'] with env {'TERM': 'vt100', 'SHELL': '/bin/sh', 'HOME': '/builddir', 'HOSTNAME': 'mock', 'PATH': '/usr/bin:/bin:/usr/sbin:/sbin', 'LANG': 'C.UTF-8'} and shell False
DEBUG util.py:610:  Child return code was: 0
DEBUG util.py:636:  child environment: None
DEBUG util.py:558:  Executing command: ['/bin/umount', '-n', '-l', '/var/lib/mock/alma+epel-9-x86_64/root/sys/fs/selinux'] with env {'TERM': 'vt100', 'SHELL': '/bin/sh', 'HOME': '/builddir', 'HOSTNAME': 'mock', 'PATH': '/usr/bin:/bin:/usr/sbin:/sbin', 'LANG': 'C.UTF-8'} and shell False
DEBUG util.py:610:  Child return code was: 0
DEBUG util.py:636:  child environment: None
DEBUG util.py:558:  Executing command: ['/bin/umount', '-n', '/var/lib/mock/alma+epel-9-x86_64/root/proc/filesystems'] with env {'TERM': 'vt100', 'SHELL': '/bin/sh', 'HOME': '/builddir', 'HOSTNAME': 'mock', 'PATH': '/usr/bin:/bin:/usr/sbin:/sbin', 'LANG': 'C.UTF-8'} and shell False
DEBUG util.py:610:  Child return code was: 0
DEBUG util.py:636:  child environment: None
DEBUG util.py:558:  Executing command: ['/bin/umount', '-n', '-l', '/var/lib/mock/alma+epel-9-x86_64/root/dev/pts'] with env {'TERM': 'vt100', 'SHELL': '/bin/sh', 'HOME': '/builddir', 'HOSTNAME': 'mock', 'PATH': '/usr/bin:/bin:/usr/sbin:/sbin', 'LANG': 'C.UTF-8'} and shell False
DEBUG util.py:610:  Child return code was: 0
DEBUG util.py:636:  child environment: None
DEBUG util.py:558:  Executing command: ['/bin/umount', '-n', '-l', '/var/lib/mock/alma+epel-9-x86_64/root/dev/shm'] with env {'TERM': 'vt100', 'SHELL': '/bin/sh', 'HOME': '/builddir', 'HOSTNAME': 'mock', 'PATH': '/usr/bin:/bin:/usr/sbin:/sbin', 'LANG': 'C.UTF-8'} and shell False
DEBUG util.py:610:  Child return code was: 0
DEBUG util.py:636:  child environment: None
DEBUG util.py:558:  Executing command: ['/bin/umount', '-n', '-l', '/var/lib/mock/alma+epel-9-x86_64/root/sys'] with env {'TERM': 'vt100', 'SHELL': '/bin/sh', 'HOME': '/builddir', 'HOSTNAME': 'mock', 'PATH': '/usr/bin:/bin:/usr/sbin:/sbin', 'LANG': 'C.UTF-8'} and shell False
DEBUG util.py:610:  Child return code was: 0
DEBUG util.py:636:  child environment: None
DEBUG util.py:558:  Executing command: ['/bin/umount', '-n', '-l', '/var/lib/mock/alma+epel-9-x86_64/root/sys'] with env {'TERM': 'vt100', 'SHELL': '/bin/sh', 'HOME': '/builddir', 'HOSTNAME': 'mock', 'PATH': '/usr/bin:/bin:/usr/sbin:/sbin', 'LANG': 'C.UTF-8'} and shell False
DEBUG util.py:610:  Child return code was: 0
DEBUG util.py:636:  child environment: None
DEBUG util.py:558:  Executing command: ['/bin/umount', '-n', '-l', '/var/lib/mock/alma+epel-9-x86_64/root/proc'] with env {'TERM': 'vt100', 'SHELL': '/bin/sh', 'HOME': '/builddir', 'HOSTNAME': 'mock', 'PATH': '/usr/bin:/bin:/usr/sbin:/sbin', 'LANG': 'C.UTF-8'} and shell False
DEBUG util.py:610:  Child return code was: 0
DEBUG util.py:636:  child environment: None
DEBUG util.py:558:  Executing command: ['/bin/umount', '-n', '-l', '/var/lib/mock/alma+epel-9-x86_64/root/proc'] with env {'TERM': 'vt100', 'SHELL': '/bin/sh', 'HOME': '/builddir', 'HOSTNAME': 'mock', 'PATH': '/usr/bin:/bin:/usr/sbin:/sbin', 'LANG': 'C.UTF-8'} and shell False
DEBUG util.py:610:  Child return code was: 0
DEBUG file_util.py:17:  ensuring that dir exists: /var/lib/mock/alma+epel-9-x86_64-bootstrap/root/var/lib/mock/alma+epel-9-x86_64/root
DEBUG util.py:636:  child environment: None
DEBUG util.py:558:  Executing command: ['/bin/mount', '-n', '-t', 'tmpfs', '-o', 'private,mode=0755', 'tmpfs', '/var/lib/mock/alma+epel-9-x86_64-bootstrap/root/var/lib/mock/alma+epel-9-x86_64/root'] with env {'TERM': 'vt100', 'SHELL': '/bin/sh', 'HOME': '/builddir', 'HOSTNAME': 'mock', 'PATH': '/usr/bin:/bin:/usr/sbin:/sbin', 'LANG': 'C.UTF-8'} and shell False
DEBUG util.py:610:  Child return code was: 0
DEBUG file_util.py:17:  ensuring that dir exists: /var/lib/mock/alma+epel-9-x86_64-bootstrap/root/var/lib/mock/alma+epel-9-x86_64/root
DEBUG util.py:636:  child environment: None
DEBUG util.py:558:  Executing command: ['/bin/mount', '-n', '-o', 'rbind', '/var/lib/mock/alma+epel-9-x86_64/root', '/var/lib/mock/alma+epel-9-x86_64-bootstrap/root/var/lib/mock/alma+epel-9-x86_64/root'] with env {'TERM': 'vt100', 'SHELL': '/bin/sh', 'HOME': '/builddir', 'HOSTNAME': 'mock', 'PATH': '/usr/bin:/bin:/usr/sbin:/sbin', 'LANG': 'C.UTF-8'} and shell False
DEBUG util.py:610:  Child return code was: 0
DEBUG util.py:636:  child environment: None
DEBUG util.py:558:  Executing command: ['/bin/mount', '-n', '-o', 'remount,private,rbind', '--target', '/var/lib/mock/alma+epel-9-x86_64-bootstrap/root/var/lib/mock/alma+epel-9-x86_64/root'] with env {'TERM': 'vt100', 'SHELL': '/bin/sh', 'HOME': '/builddir', 'HOSTNAME': 'mock', 'PATH': '/usr/bin:/bin:/usr/sbin:/sbin', 'LANG': 'C.UTF-8'} and shell False
DEBUG util.py:610:  Child return code was: 0
DEBUG util.py:636:  child environment: None
DEBUG util.py:553:  Using nspawn with args ['--capability=cap_ipc_lock', '--bind=/tmp/mock-resolv.ashqs1x8:/etc/resolv.conf']
DEBUG util.py:558:  Executing command: ['/usr/bin/systemd-nspawn', '-q', '-M', 'c1ddbb1beaa3417092d7aa574f6c356f', '-D', '/var/lib/mock/alma+epel-9-x86_64-bootstrap/root', '-a', '--capability=cap_ipc_lock', '--bind=/tmp/mock-resolv.ashqs1x8:/etc/resolv.conf', '--console=pipe', '--setenv=TERM=vt100', '--setenv=SHELL=/bin/bash', '--setenv=HOME=/builddir', '--setenv=HOSTNAME=mock', '--setenv=PATH=/usr/bin:/bin:/usr/sbin:/sbin', '--setenv=PROMPT_COMMAND=printf "\\033]0;<mock-chroot>\\007"', '--setenv=PS1=<mock-chroot> \\s-\\v\\$ ', '--setenv=LANG=C.UTF-8', '--resolv-conf=off', '/bin/rpm', '-qa', '--root', '/var/lib/mock/alma+epel-9-x86_64/root'] with env {'TERM': 'vt100', 'SHELL': '/bin/bash', 'HOME': '/builddir', 'HOSTNAME': 'mock', 'PATH': '/usr/bin:/bin:/usr/sbin:/sbin', 'PROMPT_COMMAND': 'printf "\\033]0;<mock-chroot>\\007"', 'PS1': '<mock-chroot> \\s-\\v\\$ ', 'LANG': 'C.UTF-8', 'SYSTEMD_NSPAWN_TMPFS_TMP': '0', 'SYSTEMD_SECCOMP': '0'} and shell False
DEBUG util.py:463:  gpg-pubkey-b86b3716-61e69f29
DEBUG util.py:463:  gpg-pubkey-3228467c-613798eb
DEBUG util.py:463:  rust-srpm-macros-17-4.el9.noarch
DEBUG util.py:463:  rust-srpm-macros-epel-26.3-1.el9.noarch
DEBUG util.py:463:  qt6-srpm-macros-6.6.2-1.el9.noarch
DEBUG util.py:463:  ghc-srpm-macros-epel-1.9.1-1.el9.noarch
DEBUG util.py:463:  fpc-srpm-macros-1.3-7.el9.noarch
DEBUG util.py:463:  ansible-srpm-macros-1-16.el9.noarch
DEBUG util.py:463:  qt5-srpm-macros-5.15.9-1.el9.noarch
DEBUG util.py:463:  perl-srpm-macros-1-41.el9.noarch
DEBUG util.py:463:  openblas-srpm-macros-2-11.el9.noarch
DEBUG util.py:463:  ocaml-srpm-macros-6-6.el9.noarch
DEBUG util.py:463:  ghc-srpm-macros-1.5.0-6.el9.noarch
DEBUG util.py:463:  tzdata-2026a-1.el9.noarch
DEBUG util.py:463:  publicsuffix-list-dafsa-20210518-3.el9.noarch
DEBUG util.py:463:  pkgconf-m4-1.7.3-10.el9.noarch
DEBUG util.py:463:  pcre2-syntax-10.40-6.el9.noarch
DEBUG util.py:463:  ncurses-base-6.2-12.20210508.el9.noarch
DEBUG util.py:463:  libssh-config-0.10.4-17.el9_7.noarch
DEBUG util.py:463:  coreutils-common-8.32-39.el9.x86_64
DEBUG util.py:463:  almalinux-gpg-keys-9.7-1.el9.x86_64
DEBUG util.py:463:  almalinux-release-9.7-1.el9.x86_64
DEBUG util.py:463:  almalinux-repos-9.7-1.el9.x86_64
DEBUG util.py:463:  setup-2.13.7-10.el9.noarch
DEBUG util.py:463:  filesystem-3.16-5.el9.x86_64
DEBUG util.py:463:  basesystem-11-13.el9.noarch
DEBUG util.py:463:  ncurses-libs-6.2-12.20210508.el9.x86_64
DEBUG util.py:463:  bash-5.1.8-9.el9.x86_64
DEBUG util.py:463:  glibc-gconv-extra-2.34-231.el9_7.10.x86_64
DEBUG util.py:463:  libgcc-11.5.0-11.el9.alma.1.x86_64
DEBUG util.py:463:  glibc-minimal-langpack-2.34-231.el9_7.10.x86_64
DEBUG util.py:463:  glibc-common-2.34-231.el9_7.10.x86_64
DEBUG util.py:463:  glibc-2.34-231.el9_7.10.x86_64
DEBUG util.py:463:  zlib-1.2.11-40.el9.x86_64
DEBUG util.py:463:  xz-libs-5.2.5-8.el9_0.x86_64
DEBUG util.py:463:  bzip2-libs-1.0.8-10.el9_5.x86_64
DEBUG util.py:463:  libzstd-1.5.5-1.el9.x86_64
DEBUG util.py:463:  elfutils-libelf-0.193-1.el9.alma.1.x86_64
DEBUG util.py:463:  libstdc++-11.5.0-11.el9.alma.1.x86_64
DEBUG util.py:463:  libxcrypt-4.4.18-3.el9.x86_64
DEBUG util.py:463:  libuuid-2.37.4-21.el9_7.x86_64
DEBUG util.py:463:  gmp-6.2.0-13.el9.x86_64
DEBUG util.py:463:  libattr-2.5.1-3.el9.x86_64
DEBUG util.py:463:  libacl-2.3.1-4.el9.x86_64
DEBUG util.py:463:  libcap-2.48-10.el9_7.1.x86_64
DEBUG util.py:463:  popt-1.18-8.el9.x86_64
DEBUG util.py:463:  libcom_err-1.46.5-8.el9.x86_64
DEBUG util.py:463:  lz4-libs-1.9.3-5.el9.x86_64
DEBUG util.py:463:  readline-8.1-4.el9.x86_64
DEBUG util.py:463:  crypto-policies-20250905-1.git377cc42.el9_7.noarch
DEBUG util.py:463:  mpfr-4.1.0-7.el9.x86_64
DEBUG util.py:463:  dwz-0.16-1.el9.x86_64
DEBUG util.py:463:  unzip-6.0-59.el9.x86_64
DEBUG util.py:463:  file-libs-5.39-16.el9.x86_64
DEBUG util.py:463:  file-5.39-16.el9.x86_64
DEBUG util.py:463:  sqlite-libs-3.34.1-9.el9_7.x86_64
DEBUG util.py:463:  alternatives-1.24-2.el9.x86_64
DEBUG util.py:463:  libcap-ng-0.8.2-7.el9.x86_64
DEBUG util.py:463:  audit-libs-3.1.5-7.el9.x86_64
DEBUG util.py:463:  libffi-3.4.2-8.el9.x86_64
DEBUG util.py:463:  libsepol-3.6-3.el9.x86_64
DEBUG util.py:463:  libsigsegv-2.13-4.el9.x86_64
DEBUG util.py:463:  gawk-5.1.0-6.el9.x86_64
DEBUG util.py:463:  libsmartcols-2.37.4-21.el9_7.x86_64
DEBUG util.py:463:  libtasn1-4.16.0-9.el9.x86_64
DEBUG util.py:463:  p11-kit-0.25.3-3.el9_5.x86_64
DEBUG util.py:463:  libunistring-0.9.10-15.el9.x86_64
DEBUG util.py:463:  libidn2-2.3.0-7.el9.x86_64
DEBUG util.py:463:  lua-libs-5.4.4-4.el9.x86_64
DEBUG util.py:463:  libpsl-0.21.1-5.el9.x86_64
DEBUG util.py:463:  p11-kit-trust-0.25.3-3.el9_5.x86_64
DEBUG util.py:463:  zip-3.0-35.el9.x86_64
DEBUG util.py:463:  zstd-1.5.5-1.el9.x86_64
DEBUG util.py:463:  groff-base-1.22.4-10.el9.x86_64
DEBUG util.py:463:  bzip2-1.0.8-10.el9_5.x86_64
DEBUG util.py:463:  libxml2-2.9.13-14.el9_7.x86_64
DEBUG util.py:463:  info-6.7-15.el9.x86_64
DEBUG util.py:463:  ed-1.14.2-12.el9.x86_64
DEBUG util.py:463:  cpio-2.13-16.el9.x86_64
DEBUG util.py:463:  diffutils-3.7-12.el9.x86_64
DEBUG util.py:463:  gdbm-libs-1.23-1.el9.x86_64
DEBUG util.py:463:  json-c-0.14-11.el9.x86_64
DEBUG util.py:463:  keyutils-libs-1.6.3-1.el9.x86_64
DEBUG util.py:463:  libbrotli-1.0.9-9.el9_7.x86_64
DEBUG util.py:463:  libdb-5.3.28-57.el9_6.x86_64
DEBUG util.py:463:  libeconf-0.4.1-4.el9.x86_64
DEBUG util.py:463:  libgomp-11.5.0-11.el9.alma.1.x86_64
DEBUG util.py:463:  libgpg-error-1.42-5.el9.x86_64
DEBUG util.py:463:  libgcrypt-1.10.0-11.el9.x86_64
DEBUG util.py:463:  libnghttp2-1.43.0-6.el9_7.1.x86_64
DEBUG util.py:463:  libpkgconf-1.7.3-10.el9.x86_64
DEBUG util.py:463:  pkgconf-1.7.3-10.el9.x86_64
DEBUG util.py:463:  pkgconf-pkg-config-1.7.3-10.el9.x86_64
DEBUG util.py:463:  libtool-ltdl-2.4.6-46.el9.x86_64
DEBUG util.py:463:  libverto-0.3.2-3.el9.x86_64
DEBUG util.py:463:  ncurses-6.2-12.20210508.el9.x86_64
DEBUG util.py:463:  pcre-8.44-4.el9.x86_64
DEBUG util.py:463:  grep-3.6-5.el9.x86_64
DEBUG util.py:463:  xz-5.2.5-8.el9_0.x86_64
DEBUG util.py:463:  pcre2-10.40-6.el9.x86_64
DEBUG util.py:463:  libselinux-3.6-3.el9.x86_64
DEBUG util.py:463:  sed-4.8-9.el9.x86_64
DEBUG util.py:463:  findutils-4.8.0-7.el9.x86_64
DEBUG util.py:463:  openssl-fips-provider-3.5.1-7.el9_7.x86_64
DEBUG util.py:463:  openssl-libs-3.5.1-7.el9_7.x86_64
DEBUG util.py:463:  coreutils-8.32-39.el9.x86_64
DEBUG util.py:463:  ca-certificates-2025.2.80_v9.0.305-91.el9.noarch
DEBUG util.py:463:  libblkid-2.37.4-21.el9_7.x86_64
DEBUG util.py:463:  krb5-libs-1.21.1-9.el9_7.x86_64
DEBUG util.py:463:  libmount-2.37.4-21.el9_7.x86_64
DEBUG util.py:463:  gzip-1.12-1.el9.x86_64
DEBUG util.py:463:  cracklib-2.9.6-27.el9.x86_64
DEBUG util.py:463:  systemd-libs-252-55.el9_7.8.alma.1.x86_64
DEBUG util.py:463:  libarchive-3.5.3-9.el9_7.x86_64
DEBUG util.py:463:  util-linux-core-2.37.4-21.el9_7.x86_64
DEBUG util.py:463:  cracklib-dicts-2.9.6-27.el9.x86_64
DEBUG util.py:463:  cyrus-sasl-lib-2.1.27-22.el9.x86_64
DEBUG util.py:463:  libssh-0.10.4-17.el9_7.x86_64
DEBUG util.py:463:  libfdisk-2.37.4-21.el9_7.x86_64
DEBUG util.py:463:  perl-Digest-1.19-4.el9.noarch
DEBUG util.py:463:  perl-Digest-MD5-2.58-4.el9.x86_64
DEBUG util.py:463:  perl-B-1.80-481.1.el9_6.x86_64
DEBUG util.py:463:  perl-FileHandle-2.03-481.1.el9_6.noarch
DEBUG util.py:463:  perl-Data-Dumper-2.174-462.el9.x86_64
DEBUG util.py:463:  perl-libnet-3.13-4.el9.noarch
DEBUG util.py:463:  perl-AutoLoader-5.74-481.1.el9_6.noarch
DEBUG util.py:463:  perl-base-2.27-481.1.el9_6.noarch
DEBUG util.py:463:  perl-URI-5.09-3.el9.noarch
DEBUG util.py:463:  perl-if-0.60.800-481.1.el9_6.noarch
DEBUG util.py:463:  perl-IO-Socket-IP-0.41-5.el9.noarch
DEBUG util.py:463:  perl-Time-Local-1.300-7.el9.noarch
DEBUG util.py:463:  perl-File-Path-2.18-4.el9.noarch
DEBUG util.py:463:  perl-IO-Socket-SSL-2.073-2.el9.noarch
DEBUG util.py:463:  perl-Net-SSLeay-1.94-3.el9.x86_64
DEBUG util.py:463:  perl-Pod-Escapes-1.07-460.el9.noarch
DEBUG util.py:463:  perl-Text-Tabs+Wrap-2013.0523-460.el9.noarch
DEBUG util.py:463:  perl-Mozilla-CA-20200520-6.el9.noarch
DEBUG util.py:463:  perl-Class-Struct-0.66-481.1.el9_6.noarch
DEBUG util.py:463:  perl-POSIX-1.94-481.1.el9_6.x86_64
DEBUG util.py:463:  perl-Term-ANSIColor-5.01-461.el9.noarch
DEBUG util.py:463:  perl-IPC-Open3-1.21-481.1.el9_6.noarch
DEBUG util.py:463:  perl-subs-1.03-481.1.el9_6.noarch
DEBUG util.py:463:  perl-File-Temp-0.231.100-4.el9.noarch
DEBUG util.py:463:  perl-Term-Cap-1.17-460.el9.noarch
DEBUG util.py:463:  perl-Pod-Simple-3.42-4.el9.noarch
DEBUG util.py:463:  perl-HTTP-Tiny-0.076-462.el9.noarch
DEBUG util.py:463:  perl-Socket-2.031-4.el9.x86_64
DEBUG util.py:463:  perl-SelectSaver-1.02-481.1.el9_6.noarch
DEBUG util.py:463:  perl-Symbol-1.08-481.1.el9_6.noarch
DEBUG util.py:463:  perl-File-stat-1.09-481.1.el9_6.noarch
DEBUG util.py:463:  perl-podlators-4.14-460.el9.noarch
DEBUG util.py:463:  perl-Pod-Perldoc-3.28.01-461.el9.noarch
DEBUG util.py:463:  perl-Fcntl-1.13-481.1.el9_6.x86_64
DEBUG util.py:463:  perl-Text-ParseWords-3.30-460.el9.noarch
DEBUG util.py:463:  perl-mro-1.23-481.1.el9_6.x86_64
DEBUG util.py:463:  perl-IO-1.43-481.1.el9_6.x86_64
DEBUG util.py:463:  perl-overloading-0.02-481.1.el9_6.noarch
DEBUG util.py:463:  perl-Pod-Usage-2.01-4.el9.noarch
DEBUG util.py:463:  perl-Errno-1.30-481.1.el9_6.x86_64
DEBUG util.py:463:  perl-File-Basename-2.85-481.1.el9_6.noarch
DEBUG util.py:463:  perl-Getopt-Std-1.12-481.1.el9_6.noarch
DEBUG util.py:463:  perl-MIME-Base64-3.16-4.el9.x86_64
DEBUG util.py:463:  perl-Scalar-List-Utils-1.56-462.el9.x86_64
DEBUG util.py:463:  perl-constant-1.33-461.el9.noarch
DEBUG util.py:463:  perl-Storable-3.21-460.el9.x86_64
DEBUG util.py:463:  perl-overload-1.31-481.1.el9_6.noarch
DEBUG util.py:463:  perl-parent-0.238-460.el9.noarch
DEBUG util.py:463:  perl-vars-1.05-481.1.el9_6.noarch
DEBUG util.py:463:  perl-Getopt-Long-2.52-4.el9.noarch
DEBUG util.py:463:  perl-Carp-1.50-460.el9.noarch
DEBUG util.py:463:  perl-Exporter-5.74-461.el9.noarch
DEBUG util.py:463:  perl-PathTools-3.78-461.el9.x86_64
DEBUG util.py:463:  perl-Encode-3.08-462.el9.x86_64
DEBUG util.py:463:  perl-libs-5.32.1-481.1.el9_6.x86_64
DEBUG util.py:463:  perl-interpreter-5.32.1-481.1.el9_6.x86_64
DEBUG util.py:463:  kernel-srpm-macros-1.0-14.el9.noarch
DEBUG util.py:463:  openssl-3.5.1-7.el9_7.x86_64
DEBUG util.py:463:  libpwquality-1.4.4-8.el9.x86_64
DEBUG util.py:463:  pam-1.5.1-26.el9_6.x86_64
DEBUG util.py:463:  libevent-2.1.12-8.el9_4.x86_64
DEBUG util.py:463:  libsemanage-3.6-5.el9_6.x86_64
DEBUG util.py:463:  shadow-utils-4.9-15.el9.x86_64
DEBUG util.py:463:  libutempter-1.2.1-6.el9.x86_64
DEBUG util.py:463:  openldap-2.6.8-4.el9.x86_64
DEBUG util.py:463:  libcurl-7.76.1-35.el9_7.3.x86_64
DEBUG util.py:463:  curl-7.76.1-35.el9_7.3.x86_64
DEBUG util.py:463:  rpm-libs-4.16.1.3-39.el9.x86_64
DEBUG util.py:463:  rpm-4.16.1.3-39.el9.x86_64
DEBUG util.py:463:  efi-srpm-macros-6-4.el9.noarch
DEBUG util.py:463:  lua-srpm-macros-1-6.el9.noarch
DEBUG util.py:463:  rpmautospec-rpm-macros-0.8.4-1.el9.noarch
DEBUG util.py:463:  tar-1.34-9.el9_7.x86_64
DEBUG util.py:463:  patch-2.7.6-16.el9.x86_64
DEBUG util.py:463:  elfutils-default-yama-scope-0.193-1.el9.alma.1.noarch
DEBUG util.py:463:  elfutils-libs-0.193-1.el9.alma.1.x86_64
DEBUG util.py:463:  elfutils-debuginfod-client-0.193-1.el9.alma.1.x86_64
DEBUG util.py:463:  binutils-gold-2.35.2-67.el9_7.1.x86_64
DEBUG util.py:463:  binutils-2.35.2-67.el9_7.1.x86_64
DEBUG util.py:463:  elfutils-0.193-1.el9.alma.1.x86_64
DEBUG util.py:463:  gdb-minimal-16.3-2.el9.x86_64
DEBUG util.py:463:  debugedit-5.0-11.el9.x86_64
DEBUG util.py:463:  rpm-build-libs-4.16.1.3-39.el9.x86_64
DEBUG util.py:463:  fonts-srpm-macros-2.0.5-7.el9.1.noarch
DEBUG util.py:463:  go-srpm-macros-3.6.0-14.el9_7.noarch
DEBUG util.py:463:  python-srpm-macros-3.9-54.el9.noarch
DEBUG util.py:463:  redhat-rpm-config-210-1.el9.alma.1.noarch
DEBUG util.py:463:  rpm-build-4.16.1.3-39.el9.x86_64
DEBUG util.py:463:  pyproject-srpm-macros-1.16.2-1.el9.noarch
DEBUG util.py:463:  forge-srpm-macros-0.4.0-1.el9.noarch
DEBUG util.py:463:  go-srpm-macros-epel-3.8.0-1.el9.noarch
DEBUG util.py:463:  R-srpm-macros-1.3.7-1.el9.noarch
DEBUG util.py:463:  epel-rpm-macros-9-18.el9.noarch
DEBUG util.py:463:  util-linux-2.37.4-21.el9_7.x86_64
DEBUG util.py:463:  which-2.21-30.el9_6.x86_64
DEBUG util.py:463:  libmpc-1.2.1-4.el9.x86_64
DEBUG util.py:463:  cpp-11.5.0-11.el9.alma.1.x86_64
DEBUG util.py:463:  pcre2-utf32-10.40-6.el9.x86_64
DEBUG util.py:463:  pcre2-utf16-10.40-6.el9.x86_64
DEBUG util.py:463:  pcre2-devel-10.40-6.el9.x86_64
DEBUG util.py:463:  llvm-filesystem-20.1.8-3.el9.x86_64
DEBUG util.py:463:  libverto-devel-0.3.2-3.el9.x86_64
DEBUG util.py:463:  libsepol-devel-3.6-3.el9.x86_64
DEBUG util.py:463:  libselinux-devel-3.6-3.el9.x86_64
DEBUG util.py:463:  libcom_err-devel-1.46.5-8.el9.x86_64
DEBUG util.py:463:  keyutils-libs-devel-1.6.3-1.el9.x86_64
DEBUG util.py:463:  kernel-headers-5.14.0-611.49.2.el9_7.x86_64
DEBUG util.py:463:  glibc-headers-2.34-231.el9_7.10.x86_64
DEBUG util.py:463:  libxcrypt-devel-4.4.18-3.el9.x86_64
DEBUG util.py:463:  glibc-devel-2.34-231.el9_7.10.x86_64
DEBUG util.py:463:  make-4.3-8.el9.x86_64
DEBUG util.py:463:  gcc-11.5.0-11.el9.alma.1.x86_64
DEBUG util.py:463:  libkadm5-1.21.1-9.el9_7.x86_64
DEBUG util.py:463:  libedit-3.1-38.20210216cvs.el9.x86_64
DEBUG util.py:463:  llvm-libs-20.1.8-3.el9.x86_64
DEBUG util.py:463:  annobin-12.98-1.el9.x86_64
DEBUG util.py:463:  krb5-devel-1.21.1-9.el9_7.x86_64
DEBUG util.py:463:  gcc-plugin-annobin-11.5.0-11.el9.alma.1.x86_64
DEBUG util.py:463:  pam-devel-1.5.1-26.el9_6.x86_64
DEBUG util.py:463:  openssl-devel-3.5.1-7.el9_7.x86_64
DEBUG util.py:610:  Child return code was: 0
DEBUG util.py:185:  kill orphans in chroot /var/lib/mock/alma+epel-9-x86_64/root
DEBUG util.py:185:  kill orphans in chroot /var/lib/mock/alma+epel-9-x86_64-bootstrap/root/var/lib/mock/alma+epel-9-x86_64/root
DEBUG util.py:636:  child environment: None
DEBUG util.py:558:  Executing command: ['/bin/umount', '-n', '-l', '/var/lib/mock/alma+epel-9-x86_64-bootstrap/root/var/lib/mock/alma+epel-9-x86_64/root'] with env {'TERM': 'vt100', 'SHELL': '/bin/sh', 'HOME': '/builddir', 'HOSTNAME': 'mock', 'PATH': '/usr/bin:/bin:/usr/sbin:/sbin', 'LANG': 'C.UTF-8'} and shell False
DEBUG util.py:610:  Child return code was: 0
DEBUG util.py:636:  child environment: None
DEBUG util.py:558:  Executing command: ['/bin/umount', '-n', '-l', '/var/lib/mock/alma+epel-9-x86_64-bootstrap/root/var/lib/mock/alma+epel-9-x86_64/root'] with env {'TERM': 'vt100', 'SHELL': '/bin/sh', 'HOME': '/builddir', 'HOSTNAME': 'mock', 'PATH': '/usr/bin:/bin:/usr/sbin:/sbin', 'LANG': 'C.UTF-8'} and shell False
DEBUG util.py:610:  Child return code was: 0
DEBUG file_util.py:17:  ensuring that dir exists: /var/lib/mock/alma+epel-9-x86_64-bootstrap/root/var/lib/mock/alma+epel-9-x86_64/root
DEBUG util.py:636:  child environment: None
DEBUG util.py:558:  Executing command: ['/bin/mount', '-n', '-t', 'tmpfs', '-o', 'private,mode=0755', 'tmpfs', '/var/lib/mock/alma+epel-9-x86_64-bootstrap/root/var/lib/mock/alma+epel-9-x86_64/root'] with env {'TERM': 'vt100', 'SHELL': '/bin/sh', 'HOME': '/builddir', 'HOSTNAME': 'mock', 'PATH': '/usr/bin:/bin:/usr/sbin:/sbin', 'LANG': 'C.UTF-8'} and shell False
DEBUG util.py:610:  Child return code was: 0
DEBUG file_util.py:17:  ensuring that dir exists: /var/lib/mock/alma+epel-9-x86_64-bootstrap/root/var/lib/mock/alma+epel-9-x86_64/root
DEBUG util.py:636:  child environment: None
DEBUG util.py:558:  Executing command: ['/bin/mount', '-n', '-o', 'rbind', '/var/lib/mock/alma+epel-9-x86_64/root', '/var/lib/mock/alma+epel-9-x86_64-bootstrap/root/var/lib/mock/alma+epel-9-x86_64/root'] with env {'TERM': 'vt100', 'SHELL': '/bin/sh', 'HOME': '/builddir', 'HOSTNAME': 'mock', 'PATH': '/usr/bin:/bin:/usr/sbin:/sbin', 'LANG': 'C.UTF-8'} and shell False
DEBUG util.py:610:  Child return code was: 0
DEBUG util.py:636:  child environment: None
DEBUG util.py:558:  Executing command: ['/bin/mount', '-n', '-o', 'remount,private,rbind', '--target', '/var/lib/mock/alma+epel-9-x86_64-bootstrap/root/var/lib/mock/alma+epel-9-x86_64/root'] with env {'TERM': 'vt100', 'SHELL': '/bin/sh', 'HOME': '/builddir', 'HOSTNAME': 'mock', 'PATH': '/usr/bin:/bin:/usr/sbin:/sbin', 'LANG': 'C.UTF-8'} and shell False
DEBUG util.py:610:  Child return code was: 0
DEBUG util.py:636:  child environment: None
DEBUG util.py:553:  Using nspawn with args ['--capability=cap_ipc_lock', '--bind=/tmp/mock-resolv.ashqs1x8:/etc/resolv.conf']
DEBUG util.py:558:  Executing command: ['/usr/bin/systemd-nspawn', '-q', '-M', '7013210a7eff4d65b19ee0739dfe32bb', '-D', '/var/lib/mock/alma+epel-9-x86_64-bootstrap/root', '-a', '--capability=cap_ipc_lock', '--bind=/tmp/mock-resolv.ashqs1x8:/etc/resolv.conf', '--console=pipe', '--setenv=TERM=vt100', '--setenv=SHELL=/bin/bash', '--setenv=HOME=/builddir', '--setenv=HOSTNAME=mock', '--setenv=PATH=/usr/bin:/bin:/usr/sbin:/sbin', '--setenv=PROMPT_COMMAND=printf "\\033]0;<mock-chroot>\\007"', '--setenv=PS1=<mock-chroot> \\s-\\v\\$ ', '--setenv=LANG=C.UTF-8', '--resolv-conf=off', '/bin/rpm', '-qa', '--root', '/var/lib/mock/alma+epel-9-x86_64/root'] with env {'TERM': 'vt100', 'SHELL': '/bin/bash', 'HOME': '/builddir', 'HOSTNAME': 'mock', 'PATH': '/usr/bin:/bin:/usr/sbin:/sbin', 'PROMPT_COMMAND': 'printf "\\033]0;<mock-chroot>\\007"', 'PS1': '<mock-chroot> \\s-\\v\\$ ', 'LANG': 'C.UTF-8', 'SYSTEMD_NSPAWN_TMPFS_TMP': '0', 'SYSTEMD_SECCOMP': '0'} and shell False
DEBUG util.py:463:  gpg-pubkey-b86b3716-61e69f29
DEBUG util.py:463:  gpg-pubkey-3228467c-613798eb
DEBUG util.py:463:  rust-srpm-macros-17-4.el9.noarch
DEBUG util.py:463:  rust-srpm-macros-epel-26.3-1.el9.noarch
DEBUG util.py:463:  qt6-srpm-macros-6.6.2-1.el9.noarch
DEBUG util.py:463:  ghc-srpm-macros-epel-1.9.1-1.el9.noarch
DEBUG util.py:463:  fpc-srpm-macros-1.3-7.el9.noarch
DEBUG util.py:463:  ansible-srpm-macros-1-16.el9.noarch
DEBUG util.py:463:  qt5-srpm-macros-5.15.9-1.el9.noarch
DEBUG util.py:463:  perl-srpm-macros-1-41.el9.noarch
DEBUG util.py:463:  openblas-srpm-macros-2-11.el9.noarch
DEBUG util.py:463:  ocaml-srpm-macros-6-6.el9.noarch
DEBUG util.py:463:  ghc-srpm-macros-1.5.0-6.el9.noarch
DEBUG util.py:463:  tzdata-2026a-1.el9.noarch
DEBUG util.py:463:  publicsuffix-list-dafsa-20210518-3.el9.noarch
DEBUG util.py:463:  pkgconf-m4-1.7.3-10.el9.noarch
DEBUG util.py:463:  pcre2-syntax-10.40-6.el9.noarch
DEBUG util.py:463:  ncurses-base-6.2-12.20210508.el9.noarch
DEBUG util.py:463:  libssh-config-0.10.4-17.el9_7.noarch
DEBUG util.py:463:  coreutils-common-8.32-39.el9.x86_64
DEBUG util.py:463:  almalinux-gpg-keys-9.7-1.el9.x86_64
DEBUG util.py:463:  almalinux-release-9.7-1.el9.x86_64
DEBUG util.py:463:  almalinux-repos-9.7-1.el9.x86_64
DEBUG util.py:463:  setup-2.13.7-10.el9.noarch
DEBUG util.py:463:  filesystem-3.16-5.el9.x86_64
DEBUG util.py:463:  basesystem-11-13.el9.noarch
DEBUG util.py:463:  ncurses-libs-6.2-12.20210508.el9.x86_64
DEBUG util.py:463:  bash-5.1.8-9.el9.x86_64
DEBUG util.py:463:  glibc-gconv-extra-2.34-231.el9_7.10.x86_64
DEBUG util.py:463:  libgcc-11.5.0-11.el9.alma.1.x86_64
DEBUG util.py:463:  glibc-minimal-langpack-2.34-231.el9_7.10.x86_64
DEBUG util.py:463:  glibc-common-2.34-231.el9_7.10.x86_64
DEBUG util.py:463:  glibc-2.34-231.el9_7.10.x86_64
DEBUG util.py:463:  zlib-1.2.11-40.el9.x86_64
DEBUG util.py:463:  xz-libs-5.2.5-8.el9_0.x86_64
DEBUG util.py:463:  bzip2-libs-1.0.8-10.el9_5.x86_64
DEBUG util.py:463:  libzstd-1.5.5-1.el9.x86_64
DEBUG util.py:463:  elfutils-libelf-0.193-1.el9.alma.1.x86_64
DEBUG util.py:463:  libstdc++-11.5.0-11.el9.alma.1.x86_64
DEBUG util.py:463:  libxcrypt-4.4.18-3.el9.x86_64
DEBUG util.py:463:  libuuid-2.37.4-21.el9_7.x86_64
DEBUG util.py:463:  gmp-6.2.0-13.el9.x86_64
DEBUG util.py:463:  libattr-2.5.1-3.el9.x86_64
DEBUG util.py:463:  libacl-2.3.1-4.el9.x86_64
DEBUG util.py:463:  libcap-2.48-10.el9_7.1.x86_64
DEBUG util.py:463:  popt-1.18-8.el9.x86_64
DEBUG util.py:463:  libcom_err-1.46.5-8.el9.x86_64
DEBUG util.py:463:  lz4-libs-1.9.3-5.el9.x86_64
DEBUG util.py:463:  readline-8.1-4.el9.x86_64
DEBUG util.py:463:  crypto-policies-20250905-1.git377cc42.el9_7.noarch
DEBUG util.py:463:  mpfr-4.1.0-7.el9.x86_64
DEBUG util.py:463:  dwz-0.16-1.el9.x86_64
DEBUG util.py:463:  unzip-6.0-59.el9.x86_64
DEBUG util.py:463:  file-libs-5.39-16.el9.x86_64
DEBUG util.py:463:  file-5.39-16.el9.x86_64
DEBUG util.py:463:  sqlite-libs-3.34.1-9.el9_7.x86_64
DEBUG util.py:463:  alternatives-1.24-2.el9.x86_64
DEBUG util.py:463:  libcap-ng-0.8.2-7.el9.x86_64
DEBUG util.py:463:  audit-libs-3.1.5-7.el9.x86_64
DEBUG util.py:463:  libffi-3.4.2-8.el9.x86_64
DEBUG util.py:463:  libsepol-3.6-3.el9.x86_64
DEBUG util.py:463:  libsigsegv-2.13-4.el9.x86_64
DEBUG util.py:463:  gawk-5.1.0-6.el9.x86_64
DEBUG util.py:463:  libsmartcols-2.37.4-21.el9_7.x86_64
DEBUG util.py:463:  libtasn1-4.16.0-9.el9.x86_64
DEBUG util.py:463:  p11-kit-0.25.3-3.el9_5.x86_64
DEBUG util.py:463:  libunistring-0.9.10-15.el9.x86_64
DEBUG util.py:463:  libidn2-2.3.0-7.el9.x86_64
DEBUG util.py:463:  lua-libs-5.4.4-4.el9.x86_64
DEBUG util.py:463:  libpsl-0.21.1-5.el9.x86_64
DEBUG util.py:463:  p11-kit-trust-0.25.3-3.el9_5.x86_64
DEBUG util.py:463:  zip-3.0-35.el9.x86_64
DEBUG util.py:463:  zstd-1.5.5-1.el9.x86_64
DEBUG util.py:463:  groff-base-1.22.4-10.el9.x86_64
DEBUG util.py:463:  bzip2-1.0.8-10.el9_5.x86_64
DEBUG util.py:463:  libxml2-2.9.13-14.el9_7.x86_64
DEBUG util.py:463:  info-6.7-15.el9.x86_64
DEBUG util.py:463:  ed-1.14.2-12.el9.x86_64
DEBUG util.py:463:  cpio-2.13-16.el9.x86_64
DEBUG util.py:463:  diffutils-3.7-12.el9.x86_64
DEBUG util.py:463:  gdbm-libs-1.23-1.el9.x86_64
DEBUG util.py:463:  json-c-0.14-11.el9.x86_64
DEBUG util.py:463:  keyutils-libs-1.6.3-1.el9.x86_64
DEBUG util.py:463:  libbrotli-1.0.9-9.el9_7.x86_64
DEBUG util.py:463:  libdb-5.3.28-57.el9_6.x86_64
DEBUG util.py:463:  libeconf-0.4.1-4.el9.x86_64
DEBUG util.py:463:  libgomp-11.5.0-11.el9.alma.1.x86_64
DEBUG util.py:463:  libgpg-error-1.42-5.el9.x86_64
DEBUG util.py:463:  libgcrypt-1.10.0-11.el9.x86_64
DEBUG util.py:463:  libnghttp2-1.43.0-6.el9_7.1.x86_64
DEBUG util.py:463:  libpkgconf-1.7.3-10.el9.x86_64
DEBUG util.py:463:  pkgconf-1.7.3-10.el9.x86_64
DEBUG util.py:463:  pkgconf-pkg-config-1.7.3-10.el9.x86_64
DEBUG util.py:463:  libtool-ltdl-2.4.6-46.el9.x86_64
DEBUG util.py:463:  libverto-0.3.2-3.el9.x86_64
DEBUG util.py:463:  ncurses-6.2-12.20210508.el9.x86_64
DEBUG util.py:463:  pcre-8.44-4.el9.x86_64
DEBUG util.py:463:  grep-3.6-5.el9.x86_64
DEBUG util.py:463:  xz-5.2.5-8.el9_0.x86_64
DEBUG util.py:463:  pcre2-10.40-6.el9.x86_64
DEBUG util.py:463:  libselinux-3.6-3.el9.x86_64
DEBUG util.py:463:  sed-4.8-9.el9.x86_64
DEBUG util.py:463:  findutils-4.8.0-7.el9.x86_64
DEBUG util.py:463:  openssl-fips-provider-3.5.1-7.el9_7.x86_64
DEBUG util.py:463:  openssl-libs-3.5.1-7.el9_7.x86_64
DEBUG util.py:463:  coreutils-8.32-39.el9.x86_64
DEBUG util.py:463:  ca-certificates-2025.2.80_v9.0.305-91.el9.noarch
DEBUG util.py:463:  libblkid-2.37.4-21.el9_7.x86_64
DEBUG util.py:463:  krb5-libs-1.21.1-9.el9_7.x86_64
DEBUG util.py:463:  libmount-2.37.4-21.el9_7.x86_64
DEBUG util.py:463:  gzip-1.12-1.el9.x86_64
DEBUG util.py:463:  cracklib-2.9.6-27.el9.x86_64
DEBUG util.py:463:  systemd-libs-252-55.el9_7.8.alma.1.x86_64
DEBUG util.py:463:  libarchive-3.5.3-9.el9_7.x86_64
DEBUG util.py:463:  util-linux-core-2.37.4-21.el9_7.x86_64
DEBUG util.py:463:  cracklib-dicts-2.9.6-27.el9.x86_64
DEBUG util.py:463:  cyrus-sasl-lib-2.1.27-22.el9.x86_64
DEBUG util.py:463:  libssh-0.10.4-17.el9_7.x86_64
DEBUG util.py:463:  libfdisk-2.37.4-21.el9_7.x86_64
DEBUG util.py:463:  perl-Digest-1.19-4.el9.noarch
DEBUG util.py:463:  perl-Digest-MD5-2.58-4.el9.x86_64
DEBUG util.py:463:  perl-B-1.80-481.1.el9_6.x86_64
DEBUG util.py:463:  perl-FileHandle-2.03-481.1.el9_6.noarch
DEBUG util.py:463:  perl-Data-Dumper-2.174-462.el9.x86_64
DEBUG util.py:463:  perl-libnet-3.13-4.el9.noarch
DEBUG util.py:463:  perl-AutoLoader-5.74-481.1.el9_6.noarch
DEBUG util.py:463:  perl-base-2.27-481.1.el9_6.noarch
DEBUG util.py:463:  perl-URI-5.09-3.el9.noarch
DEBUG util.py:463:  perl-if-0.60.800-481.1.el9_6.noarch
DEBUG util.py:463:  perl-IO-Socket-IP-0.41-5.el9.noarch
DEBUG util.py:463:  perl-Time-Local-1.300-7.el9.noarch
DEBUG util.py:463:  perl-File-Path-2.18-4.el9.noarch
DEBUG util.py:463:  perl-IO-Socket-SSL-2.073-2.el9.noarch
DEBUG util.py:463:  perl-Net-SSLeay-1.94-3.el9.x86_64
DEBUG util.py:463:  perl-Pod-Escapes-1.07-460.el9.noarch
DEBUG util.py:463:  perl-Text-Tabs+Wrap-2013.0523-460.el9.noarch
DEBUG util.py:463:  perl-Mozilla-CA-20200520-6.el9.noarch
DEBUG util.py:463:  perl-Class-Struct-0.66-481.1.el9_6.noarch
DEBUG util.py:463:  perl-POSIX-1.94-481.1.el9_6.x86_64
DEBUG util.py:463:  perl-Term-ANSIColor-5.01-461.el9.noarch
DEBUG util.py:463:  perl-IPC-Open3-1.21-481.1.el9_6.noarch
DEBUG util.py:463:  perl-subs-1.03-481.1.el9_6.noarch
DEBUG util.py:463:  perl-File-Temp-0.231.100-4.el9.noarch
DEBUG util.py:463:  perl-Term-Cap-1.17-460.el9.noarch
DEBUG util.py:463:  perl-Pod-Simple-3.42-4.el9.noarch
DEBUG util.py:463:  perl-HTTP-Tiny-0.076-462.el9.noarch
DEBUG util.py:463:  perl-Socket-2.031-4.el9.x86_64
DEBUG util.py:463:  perl-SelectSaver-1.02-481.1.el9_6.noarch
DEBUG util.py:463:  perl-Symbol-1.08-481.1.el9_6.noarch
DEBUG util.py:463:  perl-File-stat-1.09-481.1.el9_6.noarch
DEBUG util.py:463:  perl-podlators-4.14-460.el9.noarch
DEBUG util.py:463:  perl-Pod-Perldoc-3.28.01-461.el9.noarch
DEBUG util.py:463:  perl-Fcntl-1.13-481.1.el9_6.x86_64
DEBUG util.py:463:  perl-Text-ParseWords-3.30-460.el9.noarch
DEBUG util.py:463:  perl-mro-1.23-481.1.el9_6.x86_64
DEBUG util.py:463:  perl-IO-1.43-481.1.el9_6.x86_64
DEBUG util.py:463:  perl-overloading-0.02-481.1.el9_6.noarch
DEBUG util.py:463:  perl-Pod-Usage-2.01-4.el9.noarch
DEBUG util.py:463:  perl-Errno-1.30-481.1.el9_6.x86_64
DEBUG util.py:463:  perl-File-Basename-2.85-481.1.el9_6.noarch
DEBUG util.py:463:  perl-Getopt-Std-1.12-481.1.el9_6.noarch
DEBUG util.py:463:  perl-MIME-Base64-3.16-4.el9.x86_64
DEBUG util.py:463:  perl-Scalar-List-Utils-1.56-462.el9.x86_64
DEBUG util.py:463:  perl-constant-1.33-461.el9.noarch
DEBUG util.py:463:  perl-Storable-3.21-460.el9.x86_64
DEBUG util.py:463:  perl-overload-1.31-481.1.el9_6.noarch
DEBUG util.py:463:  perl-parent-0.238-460.el9.noarch
DEBUG util.py:463:  perl-vars-1.05-481.1.el9_6.noarch
DEBUG util.py:463:  perl-Getopt-Long-2.52-4.el9.noarch
DEBUG util.py:463:  perl-Carp-1.50-460.el9.noarch
DEBUG util.py:463:  perl-Exporter-5.74-461.el9.noarch
DEBUG util.py:463:  perl-PathTools-3.78-461.el9.x86_64
DEBUG util.py:463:  perl-Encode-3.08-462.el9.x86_64
DEBUG util.py:463:  perl-libs-5.32.1-481.1.el9_6.x86_64
DEBUG util.py:463:  perl-interpreter-5.32.1-481.1.el9_6.x86_64
DEBUG util.py:463:  kernel-srpm-macros-1.0-14.el9.noarch
DEBUG util.py:463:  openssl-3.5.1-7.el9_7.x86_64
DEBUG util.py:463:  libpwquality-1.4.4-8.el9.x86_64
DEBUG util.py:463:  pam-1.5.1-26.el9_6.x86_64
DEBUG util.py:463:  libevent-2.1.12-8.el9_4.x86_64
DEBUG util.py:463:  libsemanage-3.6-5.el9_6.x86_64
DEBUG util.py:463:  shadow-utils-4.9-15.el9.x86_64
DEBUG util.py:463:  libutempter-1.2.1-6.el9.x86_64
DEBUG util.py:463:  openldap-2.6.8-4.el9.x86_64
DEBUG util.py:463:  libcurl-7.76.1-35.el9_7.3.x86_64
DEBUG util.py:463:  curl-7.76.1-35.el9_7.3.x86_64
DEBUG util.py:463:  rpm-libs-4.16.1.3-39.el9.x86_64
DEBUG util.py:463:  rpm-4.16.1.3-39.el9.x86_64
DEBUG util.py:463:  efi-srpm-macros-6-4.el9.noarch
DEBUG util.py:463:  lua-srpm-macros-1-6.el9.noarch
DEBUG util.py:463:  rpmautospec-rpm-macros-0.8.4-1.el9.noarch
DEBUG util.py:463:  tar-1.34-9.el9_7.x86_64
DEBUG util.py:463:  patch-2.7.6-16.el9.x86_64
DEBUG util.py:463:  elfutils-default-yama-scope-0.193-1.el9.alma.1.noarch
DEBUG util.py:463:  elfutils-libs-0.193-1.el9.alma.1.x86_64
DEBUG util.py:463:  elfutils-debuginfod-client-0.193-1.el9.alma.1.x86_64
DEBUG util.py:463:  binutils-gold-2.35.2-67.el9_7.1.x86_64
DEBUG util.py:463:  binutils-2.35.2-67.el9_7.1.x86_64
DEBUG util.py:463:  elfutils-0.193-1.el9.alma.1.x86_64
DEBUG util.py:463:  gdb-minimal-16.3-2.el9.x86_64
DEBUG util.py:463:  debugedit-5.0-11.el9.x86_64
DEBUG util.py:463:  rpm-build-libs-4.16.1.3-39.el9.x86_64
DEBUG util.py:463:  fonts-srpm-macros-2.0.5-7.el9.1.noarch
DEBUG util.py:463:  go-srpm-macros-3.6.0-14.el9_7.noarch
DEBUG util.py:463:  python-srpm-macros-3.9-54.el9.noarch
DEBUG util.py:463:  redhat-rpm-config-210-1.el9.alma.1.noarch
DEBUG util.py:463:  rpm-build-4.16.1.3-39.el9.x86_64
DEBUG util.py:463:  pyproject-srpm-macros-1.16.2-1.el9.noarch
DEBUG util.py:463:  forge-srpm-macros-0.4.0-1.el9.noarch
DEBUG util.py:463:  go-srpm-macros-epel-3.8.0-1.el9.noarch
DEBUG util.py:463:  R-srpm-macros-1.3.7-1.el9.noarch
DEBUG util.py:463:  epel-rpm-macros-9-18.el9.noarch
DEBUG util.py:463:  util-linux-2.37.4-21.el9_7.x86_64
DEBUG util.py:463:  which-2.21-30.el9_6.x86_64
DEBUG util.py:463:  libmpc-1.2.1-4.el9.x86_64
DEBUG util.py:463:  cpp-11.5.0-11.el9.alma.1.x86_64
DEBUG util.py:463:  pcre2-utf32-10.40-6.el9.x86_64
DEBUG util.py:463:  pcre2-utf16-10.40-6.el9.x86_64
DEBUG util.py:463:  pcre2-devel-10.40-6.el9.x86_64
DEBUG util.py:463:  llvm-filesystem-20.1.8-3.el9.x86_64
DEBUG util.py:463:  libverto-devel-0.3.2-3.el9.x86_64
DEBUG util.py:463:  libsepol-devel-3.6-3.el9.x86_64
DEBUG util.py:463:  libselinux-devel-3.6-3.el9.x86_64
DEBUG util.py:463:  libcom_err-devel-1.46.5-8.el9.x86_64
DEBUG util.py:463:  keyutils-libs-devel-1.6.3-1.el9.x86_64
DEBUG util.py:463:  kernel-headers-5.14.0-611.49.2.el9_7.x86_64
DEBUG util.py:463:  glibc-headers-2.34-231.el9_7.10.x86_64
DEBUG util.py:463:  libxcrypt-devel-4.4.18-3.el9.x86_64
DEBUG util.py:463:  glibc-devel-2.34-231.el9_7.10.x86_64
DEBUG util.py:463:  make-4.3-8.el9.x86_64
DEBUG util.py:463:  gcc-11.5.0-11.el9.alma.1.x86_64
DEBUG util.py:463:  libkadm5-1.21.1-9.el9_7.x86_64
DEBUG util.py:463:  libedit-3.1-38.20210216cvs.el9.x86_64
DEBUG util.py:463:  llvm-libs-20.1.8-3.el9.x86_64
DEBUG util.py:463:  annobin-12.98-1.el9.x86_64
DEBUG util.py:463:  krb5-devel-1.21.1-9.el9_7.x86_64
DEBUG util.py:463:  gcc-plugin-annobin-11.5.0-11.el9.alma.1.x86_64
DEBUG util.py:463:  pam-devel-1.5.1-26.el9_6.x86_64
DEBUG util.py:463:  openssl-devel-3.5.1-7.el9_7.x86_64
DEBUG util.py:610:  Child return code was: 0
DEBUG util.py:185:  kill orphans in chroot /var/lib/mock/alma+epel-9-x86_64/root
DEBUG util.py:185:  kill orphans in chroot /var/lib/mock/alma+epel-9-x86_64-bootstrap/root/var/lib/mock/alma+epel-9-x86_64/root
DEBUG util.py:636:  child environment: None
DEBUG util.py:558:  Executing command: ['/bin/umount', '-n', '-l', '/var/lib/mock/alma+epel-9-x86_64-bootstrap/root/var/lib/mock/alma+epel-9-x86_64/root'] with env {'TERM': 'vt100', 'SHELL': '/bin/sh', 'HOME': '/builddir', 'HOSTNAME': 'mock', 'PATH': '/usr/bin:/bin:/usr/sbin:/sbin', 'LANG': 'C.UTF-8'} and shell False
DEBUG util.py:610:  Child return code was: 0
DEBUG util.py:636:  child environment: None
DEBUG util.py:558:  Executing command: ['/bin/umount', '-n', '-l', '/var/lib/mock/alma+epel-9-x86_64-bootstrap/root/var/lib/mock/alma+epel-9-x86_64/root'] with env {'TERM': 'vt100', 'SHELL': '/bin/sh', 'HOME': '/builddir', 'HOSTNAME': 'mock', 'PATH': '/usr/bin:/bin:/usr/sbin:/sbin', 'LANG': 'C.UTF-8'} and shell False
DEBUG util.py:610:  Child return code was: 0
DEBUG util.py:636:  child environment: None
DEBUG file_util.py:17:  ensuring that dir exists: /var/lib/mock/alma+epel-9-x86_64/root/proc
DEBUG util.py:636:  child environment: None
DEBUG util.py:558:  Executing command: ['/bin/mount', '-n', '-t', 'tmpfs', '-o', 'rprivate,mode=0755', 'tmpfs', '/var/lib/mock/alma+epel-9-x86_64/root/proc'] with env {'TERM': 'vt100', 'SHELL': '/bin/sh', 'HOME': '/builddir', 'HOSTNAME': 'mock', 'PATH': '/usr/bin:/bin:/usr/sbin:/sbin', 'LANG': 'C.UTF-8'} and shell False
DEBUG util.py:610:  Child return code was: 0
DEBUG file_util.py:17:  ensuring that dir exists: /var/lib/mock/alma+epel-9-x86_64/root/proc
DEBUG util.py:636:  child environment: None
DEBUG util.py:558:  Executing command: ['/bin/mount', '-n', '-o', 'rbind', '/proc', '/var/lib/mock/alma+epel-9-x86_64/root/proc'] with env {'TERM': 'vt100', 'SHELL': '/bin/sh', 'HOME': '/builddir', 'HOSTNAME': 'mock', 'PATH': '/usr/bin:/bin:/usr/sbin:/sbin', 'LANG': 'C.UTF-8'} and shell False
DEBUG util.py:610:  Child return code was: 0
DEBUG util.py:636:  child environment: None
DEBUG util.py:558:  Executing command: ['/bin/mount', '-n', '-o', 'remount,nodev,noexec,nosuid,readonly,rprivate,rbind', '--target', '/var/lib/mock/alma+epel-9-x86_64/root/proc'] with env {'TERM': 'vt100', 'SHELL': '/bin/sh', 'HOME': '/builddir', 'HOSTNAME': 'mock', 'PATH': '/usr/bin:/bin:/usr/sbin:/sbin', 'LANG': 'C.UTF-8'} and shell False
DEBUG util.py:610:  Child return code was: 0
DEBUG file_util.py:17:  ensuring that dir exists: /var/lib/mock/alma+epel-9-x86_64/root/sys
DEBUG util.py:636:  child environment: None
DEBUG util.py:558:  Executing command: ['/bin/mount', '-n', '-t', 'tmpfs', '-o', 'rprivate,mode=0755', 'tmpfs', '/var/lib/mock/alma+epel-9-x86_64/root/sys'] with env {'TERM': 'vt100', 'SHELL': '/bin/sh', 'HOME': '/builddir', 'HOSTNAME': 'mock', 'PATH': '/usr/bin:/bin:/usr/sbin:/sbin', 'LANG': 'C.UTF-8'} and shell False
DEBUG util.py:610:  Child return code was: 0
DEBUG file_util.py:17:  ensuring that dir exists: /var/lib/mock/alma+epel-9-x86_64/root/sys
DEBUG util.py:636:  child environment: None
DEBUG util.py:558:  Executing command: ['/bin/mount', '-n', '-o', 'rbind', '/sys', '/var/lib/mock/alma+epel-9-x86_64/root/sys'] with env {'TERM': 'vt100', 'SHELL': '/bin/sh', 'HOME': '/builddir', 'HOSTNAME': 'mock', 'PATH': '/usr/bin:/bin:/usr/sbin:/sbin', 'LANG': 'C.UTF-8'} and shell False
DEBUG util.py:610:  Child return code was: 0
DEBUG util.py:636:  child environment: None
DEBUG util.py:558:  Executing command: ['/bin/mount', '-n', '-o', 'remount,nodev,noexec,nosuid,readonly,rprivate,rbind', '--target', '/var/lib/mock/alma+epel-9-x86_64/root/sys'] with env {'TERM': 'vt100', 'SHELL': '/bin/sh', 'HOME': '/builddir', 'HOSTNAME': 'mock', 'PATH': '/usr/bin:/bin:/usr/sbin:/sbin', 'LANG': 'C.UTF-8'} and shell False
DEBUG util.py:610:  Child return code was: 0
DEBUG file_util.py:17:  ensuring that dir exists: /var/lib/mock/alma+epel-9-x86_64/root/dev/shm
DEBUG util.py:636:  child environment: None
DEBUG util.py:558:  Executing command: ['/bin/mount', '-n', '-t', 'tmpfs', 'tmpfs', '/var/lib/mock/alma+epel-9-x86_64/root/dev/shm'] with env {'TERM': 'vt100', 'SHELL': '/bin/sh', 'HOME': '/builddir', 'HOSTNAME': 'mock', 'PATH': '/usr/bin:/bin:/usr/sbin:/sbin', 'LANG': 'C.UTF-8'} and shell False
DEBUG util.py:610:  Child return code was: 0
DEBUG file_util.py:17:  ensuring that dir exists: /var/lib/mock/alma+epel-9-x86_64/root/dev/pts
DEBUG util.py:636:  child environment: None
DEBUG util.py:558:  Executing command: ['/bin/mount', '-n', '-t', 'devpts', '-o', 'gid=5,mode=0620,ptmxmode=0666,newinstance', 'devpts', '/var/lib/mock/alma+epel-9-x86_64/root/dev/pts'] with env {'TERM': 'vt100', 'SHELL': '/bin/sh', 'HOME': '/builddir', 'HOSTNAME': 'mock', 'PATH': '/usr/bin:/bin:/usr/sbin:/sbin', 'LANG': 'C.UTF-8'} and shell False
DEBUG util.py:610:  Child return code was: 0
DEBUG util.py:636:  child environment: None
DEBUG util.py:558:  Executing command: ['/bin/mount', '-n', '-o', 'bind', '/tmp/mock-selinux-plugin.urgi3na9', '/var/lib/mock/alma+epel-9-x86_64/root/proc/filesystems'] with env {'TERM': 'vt100', 'SHELL': '/bin/sh', 'HOME': '/builddir', 'HOSTNAME': 'mock', 'PATH': '/usr/bin:/bin:/usr/sbin:/sbin', 'LANG': 'C.UTF-8'} and shell False
DEBUG util.py:610:  Child return code was: 0
DEBUG file_util.py:17:  ensuring that dir exists: /var/lib/mock/alma+epel-9-x86_64/root/sys/fs/selinux
DEBUG util.py:636:  child environment: None
DEBUG util.py:558:  Executing command: ['/bin/mount', '-n', '-t', 'tmpfs', 'tmpfs', '/var/lib/mock/alma+epel-9-x86_64/root/sys/fs/selinux'] with env {'TERM': 'vt100', 'SHELL': '/bin/sh', 'HOME': '/builddir', 'HOSTNAME': 'mock', 'PATH': '/usr/bin:/bin:/usr/sbin:/sbin', 'LANG': 'C.UTF-8'} and shell False
DEBUG util.py:610:  Child return code was: 0
DEBUG file_util.py:17:  ensuring that dir exists: /var/lib/mock/alma+epel-9-x86_64-bootstrap/root/var/lib/mock/alma+epel-9-x86_64/root
DEBUG util.py:636:  child environment: None
DEBUG util.py:558:  Executing command: ['/bin/mount', '-n', '-t', 'tmpfs', '-o', 'private,mode=0755', 'tmpfs', '/var/lib/mock/alma+epel-9-x86_64-bootstrap/root/var/lib/mock/alma+epel-9-x86_64/root'] with env {'TERM': 'vt100', 'SHELL': '/bin/sh', 'HOME': '/builddir', 'HOSTNAME': 'mock', 'PATH': '/usr/bin:/bin:/usr/sbin:/sbin', 'LANG': 'C.UTF-8'} and shell False
DEBUG util.py:610:  Child return code was: 0
DEBUG file_util.py:17:  ensuring that dir exists: /var/lib/mock/alma+epel-9-x86_64-bootstrap/root/var/lib/mock/alma+epel-9-x86_64/root
DEBUG util.py:636:  child environment: None
DEBUG util.py:558:  Executing command: ['/bin/mount', '-n', '-o', 'rbind', '/var/lib/mock/alma+epel-9-x86_64/root', '/var/lib/mock/alma+epel-9-x86_64-bootstrap/root/var/lib/mock/alma+epel-9-x86_64/root'] with env {'TERM': 'vt100', 'SHELL': '/bin/sh', 'HOME': '/builddir', 'HOSTNAME': 'mock', 'PATH': '/usr/bin:/bin:/usr/sbin:/sbin', 'LANG': 'C.UTF-8'} and shell False
DEBUG util.py:610:  Child return code was: 0
DEBUG util.py:636:  child environment: None
DEBUG util.py:558:  Executing command: ['/bin/mount', '-n', '-o', 'remount,private,rbind', '--target', '/var/lib/mock/alma+epel-9-x86_64-bootstrap/root/var/lib/mock/alma+epel-9-x86_64/root'] with env {'TERM': 'vt100', 'SHELL': '/bin/sh', 'HOME': '/builddir', 'HOSTNAME': 'mock', 'PATH': '/usr/bin:/bin:/usr/sbin:/sbin', 'LANG': 'C.UTF-8'} and shell False
DEBUG util.py:610:  Child return code was: 0
DEBUG file_util.py:17:  ensuring that dir exists: /var/lib/mock/alma+epel-9-x86_64/root/installation-homedir
DEBUG package_manager.py:295:  ['/usr/bin/dnf-3', 'builddep', '--installroot', '/var/lib/mock/alma+epel-9-x86_64/root/', '--releasever', '9', '--setopt=deltarpm=False', '--setopt=allow_vendor_change=yes', '--allowerasing', '--disableplugin=local', '--disableplugin=spacewalk', '--disableplugin=versionlock', '/var/lib/mock/alma+epel-9-x86_64/root//builddir/build/SRPMS/uw-imap-2007f-24.el9.src.rpm']
DEBUG util.py:636:  child environment: None
DEBUG util.py:553:  Using nspawn with args ['--capability=cap_ipc_lock', '--bind=/tmp/mock-resolv.ashqs1x8:/etc/resolv.conf']
DEBUG util.py:558:  Executing command: ['/usr/bin/systemd-nspawn', '-q', '-M', '4351504490dc499e96e516b03b0de628', '-D', '/var/lib/mock/alma+epel-9-x86_64-bootstrap/root', '-a', '--capability=cap_ipc_lock', '--bind=/tmp/mock-resolv.ashqs1x8:/etc/resolv.conf', '--console=pipe', '--setenv=TERM=vt100', '--setenv=SHELL=/bin/bash', '--setenv=HOME=/var/lib/mock/alma+epel-9-x86_64/root/installation-homedir', '--setenv=HOSTNAME=mock', '--setenv=PATH=/usr/bin:/bin:/usr/sbin:/sbin', '--setenv=PROMPT_COMMAND=printf "\\033]0;<mock-chroot>\\007"', '--setenv=PS1=<mock-chroot> \\s-\\v\\$ ', '--setenv=LANG=C.UTF-8', '--setenv=LC_MESSAGES=C.UTF-8', '--resolv-conf=off', '/usr/bin/dnf-3', 'builddep', '--installroot', '/var/lib/mock/alma+epel-9-x86_64/root/', '--releasever', '9', '--setopt=deltarpm=False', '--setopt=allow_vendor_change=yes', '--allowerasing', '--disableplugin=local', '--disableplugin=spacewalk', '--disableplugin=versionlock', '/var/lib/mock/alma+epel-9-x86_64/root//builddir/build/SRPMS/uw-imap-2007f-24.el9.src.rpm', '--setopt=tsflags=nocontexts'] with env {'TERM': 'vt100', 'SHELL': '/bin/bash', 'HOME': '/var/lib/mock/alma+epel-9-x86_64/root/installation-homedir', 'HOSTNAME': 'mock', 'PATH': '/usr/bin:/bin:/usr/sbin:/sbin', 'PROMPT_COMMAND': 'printf "\\033]0;<mock-chroot>\\007"', 'PS1': '<mock-chroot> \\s-\\v\\$ ', 'LANG': 'C.UTF-8', 'LC_MESSAGES': 'C.UTF-8', 'SYSTEMD_NSPAWN_TMPFS_TMP': '0', 'SYSTEMD_SECCOMP': '0'} and shell False
DEBUG util.py:461:  No matches found for the following disable plugin patterns: local, spacewalk, versionlock
DEBUG util.py:463:  AlmaLinux 9 - BaseOS                                                                                                                                         3.8 kB/s | 3.8 kB     00:01    
DEBUG util.py:463:  AlmaLinux 9 - AppStream                                                                                                                                      4.7 kB/s | 4.2 kB     00:00    
DEBUG util.py:463:  AlmaLinux 9 - CRB                                                                                                                                            5.1 kB/s | 4.2 kB     00:00    
DEBUG util.py:463:  AlmaLinux 9 - Extras                                                                                                                                         4.0 kB/s | 3.3 kB     00:00    
DEBUG util.py:463:  Extra Packages for Enterprise Linux 9 - x86_64                                                                                                                29 kB/s |  34 kB     00:01    
DEBUG util.py:463:  Package gcc-11.5.0-11.el9.alma.1.x86_64 is already installed.
DEBUG util.py:463:  Package krb5-devel-1.21.1-9.el9_7.x86_64 is already installed.
DEBUG util.py:463:  Package openssl-devel-1:3.5.1-7.el9_7.x86_64 is already installed.
DEBUG util.py:463:  Package pam-devel-1.5.1-26.el9_6.x86_64 is already installed.
DEBUG util.py:463:  Dependencies resolved.
DEBUG util.py:463:  Nothing to do.
DEBUG util.py:463:  Complete!
DEBUG util.py:610:  Child return code was: 0
DEBUG util.py:185:  kill orphans in chroot /var/lib/mock/alma+epel-9-x86_64/root
DEBUG util.py:185:  kill orphans in chroot /var/lib/mock/alma+epel-9-x86_64-bootstrap/root/var/lib/mock/alma+epel-9-x86_64/root
DEBUG util.py:636:  child environment: None
DEBUG util.py:558:  Executing command: ['/bin/umount', '-n', '-l', '/var/lib/mock/alma+epel-9-x86_64-bootstrap/root/var/lib/mock/alma+epel-9-x86_64/root'] with env {'TERM': 'vt100', 'SHELL': '/bin/sh', 'HOME': '/builddir', 'HOSTNAME': 'mock', 'PATH': '/usr/bin:/bin:/usr/sbin:/sbin', 'LANG': 'C.UTF-8'} and shell False
DEBUG util.py:610:  Child return code was: 0
DEBUG util.py:636:  child environment: None
DEBUG util.py:558:  Executing command: ['/bin/umount', '-n', '-l', '/var/lib/mock/alma+epel-9-x86_64-bootstrap/root/var/lib/mock/alma+epel-9-x86_64/root'] with env {'TERM': 'vt100', 'SHELL': '/bin/sh', 'HOME': '/builddir', 'HOSTNAME': 'mock', 'PATH': '/usr/bin:/bin:/usr/sbin:/sbin', 'LANG': 'C.UTF-8'} and shell False
DEBUG util.py:610:  Child return code was: 0
DEBUG util.py:636:  child environment: None
DEBUG util.py:558:  Executing command: ['/bin/umount', '-n', '-l', '/var/lib/mock/alma+epel-9-x86_64/root/sys/fs/selinux'] with env {'TERM': 'vt100', 'SHELL': '/bin/sh', 'HOME': '/builddir', 'HOSTNAME': 'mock', 'PATH': '/usr/bin:/bin:/usr/sbin:/sbin', 'LANG': 'C.UTF-8'} and shell False
DEBUG util.py:610:  Child return code was: 0
DEBUG util.py:636:  child environment: None
DEBUG util.py:558:  Executing command: ['/bin/umount', '-n', '/var/lib/mock/alma+epel-9-x86_64/root/proc/filesystems'] with env {'TERM': 'vt100', 'SHELL': '/bin/sh', 'HOME': '/builddir', 'HOSTNAME': 'mock', 'PATH': '/usr/bin:/bin:/usr/sbin:/sbin', 'LANG': 'C.UTF-8'} and shell False
DEBUG util.py:610:  Child return code was: 0
DEBUG util.py:636:  child environment: None
DEBUG util.py:558:  Executing command: ['/bin/umount', '-n', '-l', '/var/lib/mock/alma+epel-9-x86_64/root/dev/pts'] with env {'TERM': 'vt100', 'SHELL': '/bin/sh', 'HOME': '/builddir', 'HOSTNAME': 'mock', 'PATH': '/usr/bin:/bin:/usr/sbin:/sbin', 'LANG': 'C.UTF-8'} and shell False
DEBUG util.py:610:  Child return code was: 0
DEBUG util.py:636:  child environment: None
DEBUG util.py:558:  Executing command: ['/bin/umount', '-n', '-l', '/var/lib/mock/alma+epel-9-x86_64/root/dev/shm'] with env {'TERM': 'vt100', 'SHELL': '/bin/sh', 'HOME': '/builddir', 'HOSTNAME': 'mock', 'PATH': '/usr/bin:/bin:/usr/sbin:/sbin', 'LANG': 'C.UTF-8'} and shell False
DEBUG util.py:610:  Child return code was: 0
DEBUG util.py:636:  child environment: None
DEBUG util.py:558:  Executing command: ['/bin/umount', '-n', '-l', '/var/lib/mock/alma+epel-9-x86_64/root/sys'] with env {'TERM': 'vt100', 'SHELL': '/bin/sh', 'HOME': '/builddir', 'HOSTNAME': 'mock', 'PATH': '/usr/bin:/bin:/usr/sbin:/sbin', 'LANG': 'C.UTF-8'} and shell False
DEBUG util.py:610:  Child return code was: 0
DEBUG util.py:636:  child environment: None
DEBUG util.py:558:  Executing command: ['/bin/umount', '-n', '-l', '/var/lib/mock/alma+epel-9-x86_64/root/sys'] with env {'TERM': 'vt100', 'SHELL': '/bin/sh', 'HOME': '/builddir', 'HOSTNAME': 'mock', 'PATH': '/usr/bin:/bin:/usr/sbin:/sbin', 'LANG': 'C.UTF-8'} and shell False
DEBUG util.py:610:  Child return code was: 0
DEBUG util.py:636:  child environment: None
DEBUG util.py:558:  Executing command: ['/bin/umount', '-n', '-l', '/var/lib/mock/alma+epel-9-x86_64/root/proc'] with env {'TERM': 'vt100', 'SHELL': '/bin/sh', 'HOME': '/builddir', 'HOSTNAME': 'mock', 'PATH': '/usr/bin:/bin:/usr/sbin:/sbin', 'LANG': 'C.UTF-8'} and shell False
DEBUG util.py:610:  Child return code was: 0
DEBUG util.py:636:  child environment: None
DEBUG util.py:558:  Executing command: ['/bin/umount', '-n', '-l', '/var/lib/mock/alma+epel-9-x86_64/root/proc'] with env {'TERM': 'vt100', 'SHELL': '/bin/sh', 'HOME': '/builddir', 'HOSTNAME': 'mock', 'PATH': '/usr/bin:/bin:/usr/sbin:/sbin', 'LANG': 'C.UTF-8'} and shell False
DEBUG util.py:610:  Child return code was: 0
DEBUG file_util.py:17:  ensuring that dir exists: /var/lib/mock/alma+epel-9-x86_64-bootstrap/root/var/lib/mock/alma+epel-9-x86_64/root
DEBUG util.py:636:  child environment: None
DEBUG util.py:558:  Executing command: ['/bin/mount', '-n', '-t', 'tmpfs', '-o', 'private,mode=0755', 'tmpfs', '/var/lib/mock/alma+epel-9-x86_64-bootstrap/root/var/lib/mock/alma+epel-9-x86_64/root'] with env {'TERM': 'vt100', 'SHELL': '/bin/sh', 'HOME': '/builddir', 'HOSTNAME': 'mock', 'PATH': '/usr/bin:/bin:/usr/sbin:/sbin', 'LANG': 'C.UTF-8'} and shell False
DEBUG util.py:610:  Child return code was: 0
DEBUG file_util.py:17:  ensuring that dir exists: /var/lib/mock/alma+epel-9-x86_64-bootstrap/root/var/lib/mock/alma+epel-9-x86_64/root
DEBUG util.py:636:  child environment: None
DEBUG util.py:558:  Executing command: ['/bin/mount', '-n', '-o', 'rbind', '/var/lib/mock/alma+epel-9-x86_64/root', '/var/lib/mock/alma+epel-9-x86_64-bootstrap/root/var/lib/mock/alma+epel-9-x86_64/root'] with env {'TERM': 'vt100', 'SHELL': '/bin/sh', 'HOME': '/builddir', 'HOSTNAME': 'mock', 'PATH': '/usr/bin:/bin:/usr/sbin:/sbin', 'LANG': 'C.UTF-8'} and shell False
DEBUG util.py:610:  Child return code was: 0
DEBUG util.py:636:  child environment: None
DEBUG util.py:558:  Executing command: ['/bin/mount', '-n', '-o', 'remount,private,rbind', '--target', '/var/lib/mock/alma+epel-9-x86_64-bootstrap/root/var/lib/mock/alma+epel-9-x86_64/root'] with env {'TERM': 'vt100', 'SHELL': '/bin/sh', 'HOME': '/builddir', 'HOSTNAME': 'mock', 'PATH': '/usr/bin:/bin:/usr/sbin:/sbin', 'LANG': 'C.UTF-8'} and shell False
DEBUG util.py:610:  Child return code was: 0
DEBUG util.py:636:  child environment: None
DEBUG util.py:553:  Using nspawn with args ['--capability=cap_ipc_lock', '--bind=/tmp/mock-resolv.ashqs1x8:/etc/resolv.conf']
DEBUG util.py:558:  Executing command: ['/usr/bin/systemd-nspawn', '-q', '-M', 'cfa942e9086c40a0b50c77a671163356', '-D', '/var/lib/mock/alma+epel-9-x86_64-bootstrap/root', '-a', '--capability=cap_ipc_lock', '--bind=/tmp/mock-resolv.ashqs1x8:/etc/resolv.conf', '--console=pipe', '--setenv=TERM=vt100', '--setenv=SHELL=/bin/bash', '--setenv=HOME=/builddir', '--setenv=HOSTNAME=mock', '--setenv=PATH=/usr/bin:/bin:/usr/sbin:/sbin', '--setenv=PROMPT_COMMAND=printf "\\033]0;<mock-chroot>\\007"', '--setenv=PS1=<mock-chroot> \\s-\\v\\$ ', '--setenv=LANG=C.UTF-8', '--resolv-conf=off', '/bin/rpm', '-qa', '--root', '/var/lib/mock/alma+epel-9-x86_64/root'] with env {'TERM': 'vt100', 'SHELL': '/bin/bash', 'HOME': '/builddir', 'HOSTNAME': 'mock', 'PATH': '/usr/bin:/bin:/usr/sbin:/sbin', 'PROMPT_COMMAND': 'printf "\\033]0;<mock-chroot>\\007"', 'PS1': '<mock-chroot> \\s-\\v\\$ ', 'LANG': 'C.UTF-8', 'SYSTEMD_NSPAWN_TMPFS_TMP': '0', 'SYSTEMD_SECCOMP': '0'} and shell False
DEBUG util.py:463:  gpg-pubkey-b86b3716-61e69f29
DEBUG util.py:463:  gpg-pubkey-3228467c-613798eb
DEBUG util.py:463:  rust-srpm-macros-17-4.el9.noarch
DEBUG util.py:463:  rust-srpm-macros-epel-26.3-1.el9.noarch
DEBUG util.py:463:  qt6-srpm-macros-6.6.2-1.el9.noarch
DEBUG util.py:463:  ghc-srpm-macros-epel-1.9.1-1.el9.noarch
DEBUG util.py:463:  fpc-srpm-macros-1.3-7.el9.noarch
DEBUG util.py:463:  ansible-srpm-macros-1-16.el9.noarch
DEBUG util.py:463:  qt5-srpm-macros-5.15.9-1.el9.noarch
DEBUG util.py:463:  perl-srpm-macros-1-41.el9.noarch
DEBUG util.py:463:  openblas-srpm-macros-2-11.el9.noarch
DEBUG util.py:463:  ocaml-srpm-macros-6-6.el9.noarch
DEBUG util.py:463:  ghc-srpm-macros-1.5.0-6.el9.noarch
DEBUG util.py:463:  tzdata-2026a-1.el9.noarch
DEBUG util.py:463:  publicsuffix-list-dafsa-20210518-3.el9.noarch
DEBUG util.py:463:  pkgconf-m4-1.7.3-10.el9.noarch
DEBUG util.py:463:  pcre2-syntax-10.40-6.el9.noarch
DEBUG util.py:463:  ncurses-base-6.2-12.20210508.el9.noarch
DEBUG util.py:463:  libssh-config-0.10.4-17.el9_7.noarch
DEBUG util.py:463:  coreutils-common-8.32-39.el9.x86_64
DEBUG util.py:463:  almalinux-gpg-keys-9.7-1.el9.x86_64
DEBUG util.py:463:  almalinux-release-9.7-1.el9.x86_64
DEBUG util.py:463:  almalinux-repos-9.7-1.el9.x86_64
DEBUG util.py:463:  setup-2.13.7-10.el9.noarch
DEBUG util.py:463:  filesystem-3.16-5.el9.x86_64
DEBUG util.py:463:  basesystem-11-13.el9.noarch
DEBUG util.py:463:  ncurses-libs-6.2-12.20210508.el9.x86_64
DEBUG util.py:463:  bash-5.1.8-9.el9.x86_64
DEBUG util.py:463:  glibc-gconv-extra-2.34-231.el9_7.10.x86_64
DEBUG util.py:463:  libgcc-11.5.0-11.el9.alma.1.x86_64
DEBUG util.py:463:  glibc-minimal-langpack-2.34-231.el9_7.10.x86_64
DEBUG util.py:463:  glibc-common-2.34-231.el9_7.10.x86_64
DEBUG util.py:463:  glibc-2.34-231.el9_7.10.x86_64
DEBUG util.py:463:  zlib-1.2.11-40.el9.x86_64
DEBUG util.py:463:  xz-libs-5.2.5-8.el9_0.x86_64
DEBUG util.py:463:  bzip2-libs-1.0.8-10.el9_5.x86_64
DEBUG util.py:463:  libzstd-1.5.5-1.el9.x86_64
DEBUG util.py:463:  elfutils-libelf-0.193-1.el9.alma.1.x86_64
DEBUG util.py:463:  libstdc++-11.5.0-11.el9.alma.1.x86_64
DEBUG util.py:463:  libxcrypt-4.4.18-3.el9.x86_64
DEBUG util.py:463:  libuuid-2.37.4-21.el9_7.x86_64
DEBUG util.py:463:  gmp-6.2.0-13.el9.x86_64
DEBUG util.py:463:  libattr-2.5.1-3.el9.x86_64
DEBUG util.py:463:  libacl-2.3.1-4.el9.x86_64
DEBUG util.py:463:  libcap-2.48-10.el9_7.1.x86_64
DEBUG util.py:463:  popt-1.18-8.el9.x86_64
DEBUG util.py:463:  libcom_err-1.46.5-8.el9.x86_64
DEBUG util.py:463:  lz4-libs-1.9.3-5.el9.x86_64
DEBUG util.py:463:  readline-8.1-4.el9.x86_64
DEBUG util.py:463:  crypto-policies-20250905-1.git377cc42.el9_7.noarch
DEBUG util.py:463:  mpfr-4.1.0-7.el9.x86_64
DEBUG util.py:463:  dwz-0.16-1.el9.x86_64
DEBUG util.py:463:  unzip-6.0-59.el9.x86_64
DEBUG util.py:463:  file-libs-5.39-16.el9.x86_64
DEBUG util.py:463:  file-5.39-16.el9.x86_64
DEBUG util.py:463:  sqlite-libs-3.34.1-9.el9_7.x86_64
DEBUG util.py:463:  alternatives-1.24-2.el9.x86_64
DEBUG util.py:463:  libcap-ng-0.8.2-7.el9.x86_64
DEBUG util.py:463:  audit-libs-3.1.5-7.el9.x86_64
DEBUG util.py:463:  libffi-3.4.2-8.el9.x86_64
DEBUG util.py:463:  libsepol-3.6-3.el9.x86_64
DEBUG util.py:463:  libsigsegv-2.13-4.el9.x86_64
DEBUG util.py:463:  gawk-5.1.0-6.el9.x86_64
DEBUG util.py:463:  libsmartcols-2.37.4-21.el9_7.x86_64
DEBUG util.py:463:  libtasn1-4.16.0-9.el9.x86_64
DEBUG util.py:463:  p11-kit-0.25.3-3.el9_5.x86_64
DEBUG util.py:463:  libunistring-0.9.10-15.el9.x86_64
DEBUG util.py:463:  libidn2-2.3.0-7.el9.x86_64
DEBUG util.py:463:  lua-libs-5.4.4-4.el9.x86_64
DEBUG util.py:463:  libpsl-0.21.1-5.el9.x86_64
DEBUG util.py:463:  p11-kit-trust-0.25.3-3.el9_5.x86_64
DEBUG util.py:463:  zip-3.0-35.el9.x86_64
DEBUG util.py:463:  zstd-1.5.5-1.el9.x86_64
DEBUG util.py:463:  groff-base-1.22.4-10.el9.x86_64
DEBUG util.py:463:  bzip2-1.0.8-10.el9_5.x86_64
DEBUG util.py:463:  libxml2-2.9.13-14.el9_7.x86_64
DEBUG util.py:463:  info-6.7-15.el9.x86_64
DEBUG util.py:463:  ed-1.14.2-12.el9.x86_64
DEBUG util.py:463:  cpio-2.13-16.el9.x86_64
DEBUG util.py:463:  diffutils-3.7-12.el9.x86_64
DEBUG util.py:463:  gdbm-libs-1.23-1.el9.x86_64
DEBUG util.py:463:  json-c-0.14-11.el9.x86_64
DEBUG util.py:463:  keyutils-libs-1.6.3-1.el9.x86_64
DEBUG util.py:463:  libbrotli-1.0.9-9.el9_7.x86_64
DEBUG util.py:463:  libdb-5.3.28-57.el9_6.x86_64
DEBUG util.py:463:  libeconf-0.4.1-4.el9.x86_64
DEBUG util.py:463:  libgomp-11.5.0-11.el9.alma.1.x86_64
DEBUG util.py:463:  libgpg-error-1.42-5.el9.x86_64
DEBUG util.py:463:  libgcrypt-1.10.0-11.el9.x86_64
DEBUG util.py:463:  libnghttp2-1.43.0-6.el9_7.1.x86_64
DEBUG util.py:463:  libpkgconf-1.7.3-10.el9.x86_64
DEBUG util.py:463:  pkgconf-1.7.3-10.el9.x86_64
DEBUG util.py:463:  pkgconf-pkg-config-1.7.3-10.el9.x86_64
DEBUG util.py:463:  libtool-ltdl-2.4.6-46.el9.x86_64
DEBUG util.py:463:  libverto-0.3.2-3.el9.x86_64
DEBUG util.py:463:  ncurses-6.2-12.20210508.el9.x86_64
DEBUG util.py:463:  pcre-8.44-4.el9.x86_64
DEBUG util.py:463:  grep-3.6-5.el9.x86_64
DEBUG util.py:463:  xz-5.2.5-8.el9_0.x86_64
DEBUG util.py:463:  pcre2-10.40-6.el9.x86_64
DEBUG util.py:463:  libselinux-3.6-3.el9.x86_64
DEBUG util.py:463:  sed-4.8-9.el9.x86_64
DEBUG util.py:463:  findutils-4.8.0-7.el9.x86_64
DEBUG util.py:463:  openssl-fips-provider-3.5.1-7.el9_7.x86_64
DEBUG util.py:463:  openssl-libs-3.5.1-7.el9_7.x86_64
DEBUG util.py:463:  coreutils-8.32-39.el9.x86_64
DEBUG util.py:463:  ca-certificates-2025.2.80_v9.0.305-91.el9.noarch
DEBUG util.py:463:  libblkid-2.37.4-21.el9_7.x86_64
DEBUG util.py:463:  krb5-libs-1.21.1-9.el9_7.x86_64
DEBUG util.py:463:  libmount-2.37.4-21.el9_7.x86_64
DEBUG util.py:463:  gzip-1.12-1.el9.x86_64
DEBUG util.py:463:  cracklib-2.9.6-27.el9.x86_64
DEBUG util.py:463:  systemd-libs-252-55.el9_7.8.alma.1.x86_64
DEBUG util.py:463:  libarchive-3.5.3-9.el9_7.x86_64
DEBUG util.py:463:  util-linux-core-2.37.4-21.el9_7.x86_64
DEBUG util.py:463:  cracklib-dicts-2.9.6-27.el9.x86_64
DEBUG util.py:463:  cyrus-sasl-lib-2.1.27-22.el9.x86_64
DEBUG util.py:463:  libssh-0.10.4-17.el9_7.x86_64
DEBUG util.py:463:  libfdisk-2.37.4-21.el9_7.x86_64
DEBUG util.py:463:  perl-Digest-1.19-4.el9.noarch
DEBUG util.py:463:  perl-Digest-MD5-2.58-4.el9.x86_64
DEBUG util.py:463:  perl-B-1.80-481.1.el9_6.x86_64
DEBUG util.py:463:  perl-FileHandle-2.03-481.1.el9_6.noarch
DEBUG util.py:463:  perl-Data-Dumper-2.174-462.el9.x86_64
DEBUG util.py:463:  perl-libnet-3.13-4.el9.noarch
DEBUG util.py:463:  perl-AutoLoader-5.74-481.1.el9_6.noarch
DEBUG util.py:463:  perl-base-2.27-481.1.el9_6.noarch
DEBUG util.py:463:  perl-URI-5.09-3.el9.noarch
DEBUG util.py:463:  perl-if-0.60.800-481.1.el9_6.noarch
DEBUG util.py:463:  perl-IO-Socket-IP-0.41-5.el9.noarch
DEBUG util.py:463:  perl-Time-Local-1.300-7.el9.noarch
DEBUG util.py:463:  perl-File-Path-2.18-4.el9.noarch
DEBUG util.py:463:  perl-IO-Socket-SSL-2.073-2.el9.noarch
DEBUG util.py:463:  perl-Net-SSLeay-1.94-3.el9.x86_64
DEBUG util.py:463:  perl-Pod-Escapes-1.07-460.el9.noarch
DEBUG util.py:463:  perl-Text-Tabs+Wrap-2013.0523-460.el9.noarch
DEBUG util.py:463:  perl-Mozilla-CA-20200520-6.el9.noarch
DEBUG util.py:463:  perl-Class-Struct-0.66-481.1.el9_6.noarch
DEBUG util.py:463:  perl-POSIX-1.94-481.1.el9_6.x86_64
DEBUG util.py:463:  perl-Term-ANSIColor-5.01-461.el9.noarch
DEBUG util.py:463:  perl-IPC-Open3-1.21-481.1.el9_6.noarch
DEBUG util.py:463:  perl-subs-1.03-481.1.el9_6.noarch
DEBUG util.py:463:  perl-File-Temp-0.231.100-4.el9.noarch
DEBUG util.py:463:  perl-Term-Cap-1.17-460.el9.noarch
DEBUG util.py:463:  perl-Pod-Simple-3.42-4.el9.noarch
DEBUG util.py:463:  perl-HTTP-Tiny-0.076-462.el9.noarch
DEBUG util.py:463:  perl-Socket-2.031-4.el9.x86_64
DEBUG util.py:463:  perl-SelectSaver-1.02-481.1.el9_6.noarch
DEBUG util.py:463:  perl-Symbol-1.08-481.1.el9_6.noarch
DEBUG util.py:463:  perl-File-stat-1.09-481.1.el9_6.noarch
DEBUG util.py:463:  perl-podlators-4.14-460.el9.noarch
DEBUG util.py:463:  perl-Pod-Perldoc-3.28.01-461.el9.noarch
DEBUG util.py:463:  perl-Fcntl-1.13-481.1.el9_6.x86_64
DEBUG util.py:463:  perl-Text-ParseWords-3.30-460.el9.noarch
DEBUG util.py:463:  perl-mro-1.23-481.1.el9_6.x86_64
DEBUG util.py:463:  perl-IO-1.43-481.1.el9_6.x86_64
DEBUG util.py:463:  perl-overloading-0.02-481.1.el9_6.noarch
DEBUG util.py:463:  perl-Pod-Usage-2.01-4.el9.noarch
DEBUG util.py:463:  perl-Errno-1.30-481.1.el9_6.x86_64
DEBUG util.py:463:  perl-File-Basename-2.85-481.1.el9_6.noarch
DEBUG util.py:463:  perl-Getopt-Std-1.12-481.1.el9_6.noarch
DEBUG util.py:463:  perl-MIME-Base64-3.16-4.el9.x86_64
DEBUG util.py:463:  perl-Scalar-List-Utils-1.56-462.el9.x86_64
DEBUG util.py:463:  perl-constant-1.33-461.el9.noarch
DEBUG util.py:463:  perl-Storable-3.21-460.el9.x86_64
DEBUG util.py:463:  perl-overload-1.31-481.1.el9_6.noarch
DEBUG util.py:463:  perl-parent-0.238-460.el9.noarch
DEBUG util.py:463:  perl-vars-1.05-481.1.el9_6.noarch
DEBUG util.py:463:  perl-Getopt-Long-2.52-4.el9.noarch
DEBUG util.py:463:  perl-Carp-1.50-460.el9.noarch
DEBUG util.py:463:  perl-Exporter-5.74-461.el9.noarch
DEBUG util.py:463:  perl-PathTools-3.78-461.el9.x86_64
DEBUG util.py:463:  perl-Encode-3.08-462.el9.x86_64
DEBUG util.py:463:  perl-libs-5.32.1-481.1.el9_6.x86_64
DEBUG util.py:463:  perl-interpreter-5.32.1-481.1.el9_6.x86_64
DEBUG util.py:463:  kernel-srpm-macros-1.0-14.el9.noarch
DEBUG util.py:463:  openssl-3.5.1-7.el9_7.x86_64
DEBUG util.py:463:  libpwquality-1.4.4-8.el9.x86_64
DEBUG util.py:463:  pam-1.5.1-26.el9_6.x86_64
DEBUG util.py:463:  libevent-2.1.12-8.el9_4.x86_64
DEBUG util.py:463:  libsemanage-3.6-5.el9_6.x86_64
DEBUG util.py:463:  shadow-utils-4.9-15.el9.x86_64
DEBUG util.py:463:  libutempter-1.2.1-6.el9.x86_64
DEBUG util.py:463:  openldap-2.6.8-4.el9.x86_64
DEBUG util.py:463:  libcurl-7.76.1-35.el9_7.3.x86_64
DEBUG util.py:463:  curl-7.76.1-35.el9_7.3.x86_64
DEBUG util.py:463:  rpm-libs-4.16.1.3-39.el9.x86_64
DEBUG util.py:463:  rpm-4.16.1.3-39.el9.x86_64
DEBUG util.py:463:  efi-srpm-macros-6-4.el9.noarch
DEBUG util.py:463:  lua-srpm-macros-1-6.el9.noarch
DEBUG util.py:463:  rpmautospec-rpm-macros-0.8.4-1.el9.noarch
DEBUG util.py:463:  tar-1.34-9.el9_7.x86_64
DEBUG util.py:463:  patch-2.7.6-16.el9.x86_64
DEBUG util.py:463:  elfutils-default-yama-scope-0.193-1.el9.alma.1.noarch
DEBUG util.py:463:  elfutils-libs-0.193-1.el9.alma.1.x86_64
DEBUG util.py:463:  elfutils-debuginfod-client-0.193-1.el9.alma.1.x86_64
DEBUG util.py:463:  binutils-gold-2.35.2-67.el9_7.1.x86_64
DEBUG util.py:463:  binutils-2.35.2-67.el9_7.1.x86_64
DEBUG util.py:463:  elfutils-0.193-1.el9.alma.1.x86_64
DEBUG util.py:463:  gdb-minimal-16.3-2.el9.x86_64
DEBUG util.py:463:  debugedit-5.0-11.el9.x86_64
DEBUG util.py:463:  rpm-build-libs-4.16.1.3-39.el9.x86_64
DEBUG util.py:463:  fonts-srpm-macros-2.0.5-7.el9.1.noarch
DEBUG util.py:463:  go-srpm-macros-3.6.0-14.el9_7.noarch
DEBUG util.py:463:  python-srpm-macros-3.9-54.el9.noarch
DEBUG util.py:463:  redhat-rpm-config-210-1.el9.alma.1.noarch
DEBUG util.py:463:  rpm-build-4.16.1.3-39.el9.x86_64
DEBUG util.py:463:  pyproject-srpm-macros-1.16.2-1.el9.noarch
DEBUG util.py:463:  forge-srpm-macros-0.4.0-1.el9.noarch
DEBUG util.py:463:  go-srpm-macros-epel-3.8.0-1.el9.noarch
DEBUG util.py:463:  R-srpm-macros-1.3.7-1.el9.noarch
DEBUG util.py:463:  epel-rpm-macros-9-18.el9.noarch
DEBUG util.py:463:  util-linux-2.37.4-21.el9_7.x86_64
DEBUG util.py:463:  which-2.21-30.el9_6.x86_64
DEBUG util.py:463:  libmpc-1.2.1-4.el9.x86_64
DEBUG util.py:463:  cpp-11.5.0-11.el9.alma.1.x86_64
DEBUG util.py:463:  pcre2-utf32-10.40-6.el9.x86_64
DEBUG util.py:463:  pcre2-utf16-10.40-6.el9.x86_64
DEBUG util.py:463:  pcre2-devel-10.40-6.el9.x86_64
DEBUG util.py:463:  llvm-filesystem-20.1.8-3.el9.x86_64
DEBUG util.py:463:  libverto-devel-0.3.2-3.el9.x86_64
DEBUG util.py:463:  libsepol-devel-3.6-3.el9.x86_64
DEBUG util.py:463:  libselinux-devel-3.6-3.el9.x86_64
DEBUG util.py:463:  libcom_err-devel-1.46.5-8.el9.x86_64
DEBUG util.py:463:  keyutils-libs-devel-1.6.3-1.el9.x86_64
DEBUG util.py:463:  kernel-headers-5.14.0-611.49.2.el9_7.x86_64
DEBUG util.py:463:  glibc-headers-2.34-231.el9_7.10.x86_64
DEBUG util.py:463:  libxcrypt-devel-4.4.18-3.el9.x86_64
DEBUG util.py:463:  glibc-devel-2.34-231.el9_7.10.x86_64
DEBUG util.py:463:  make-4.3-8.el9.x86_64
DEBUG util.py:463:  gcc-11.5.0-11.el9.alma.1.x86_64
DEBUG util.py:463:  libkadm5-1.21.1-9.el9_7.x86_64
DEBUG util.py:463:  libedit-3.1-38.20210216cvs.el9.x86_64
DEBUG util.py:463:  llvm-libs-20.1.8-3.el9.x86_64
DEBUG util.py:463:  annobin-12.98-1.el9.x86_64
DEBUG util.py:463:  krb5-devel-1.21.1-9.el9_7.x86_64
DEBUG util.py:463:  gcc-plugin-annobin-11.5.0-11.el9.alma.1.x86_64
DEBUG util.py:463:  pam-devel-1.5.1-26.el9_6.x86_64
DEBUG util.py:463:  openssl-devel-3.5.1-7.el9_7.x86_64
DEBUG util.py:610:  Child return code was: 0
DEBUG util.py:185:  kill orphans in chroot /var/lib/mock/alma+epel-9-x86_64/root
DEBUG util.py:185:  kill orphans in chroot /var/lib/mock/alma+epel-9-x86_64-bootstrap/root/var/lib/mock/alma+epel-9-x86_64/root
DEBUG util.py:636:  child environment: None
DEBUG util.py:558:  Executing command: ['/bin/umount', '-n', '-l', '/var/lib/mock/alma+epel-9-x86_64-bootstrap/root/var/lib/mock/alma+epel-9-x86_64/root'] with env {'TERM': 'vt100', 'SHELL': '/bin/sh', 'HOME': '/builddir', 'HOSTNAME': 'mock', 'PATH': '/usr/bin:/bin:/usr/sbin:/sbin', 'LANG': 'C.UTF-8'} and shell False
DEBUG util.py:610:  Child return code was: 0
DEBUG util.py:636:  child environment: None
DEBUG util.py:558:  Executing command: ['/bin/umount', '-n', '-l', '/var/lib/mock/alma+epel-9-x86_64-bootstrap/root/var/lib/mock/alma+epel-9-x86_64/root'] with env {'TERM': 'vt100', 'SHELL': '/bin/sh', 'HOME': '/builddir', 'HOSTNAME': 'mock', 'PATH': '/usr/bin:/bin:/usr/sbin:/sbin', 'LANG': 'C.UTF-8'} and shell False
DEBUG util.py:610:  Child return code was: 0
DEBUG file_util.py:17:  ensuring that dir exists: /var/lib/mock/alma+epel-9-x86_64-bootstrap/root/var/lib/mock/alma+epel-9-x86_64/root
DEBUG util.py:636:  child environment: None
DEBUG util.py:558:  Executing command: ['/bin/mount', '-n', '-t', 'tmpfs', '-o', 'private,mode=0755', 'tmpfs', '/var/lib/mock/alma+epel-9-x86_64-bootstrap/root/var/lib/mock/alma+epel-9-x86_64/root'] with env {'TERM': 'vt100', 'SHELL': '/bin/sh', 'HOME': '/builddir', 'HOSTNAME': 'mock', 'PATH': '/usr/bin:/bin:/usr/sbin:/sbin', 'LANG': 'C.UTF-8'} and shell False
DEBUG util.py:610:  Child return code was: 0
DEBUG file_util.py:17:  ensuring that dir exists: /var/lib/mock/alma+epel-9-x86_64-bootstrap/root/var/lib/mock/alma+epel-9-x86_64/root
DEBUG util.py:636:  child environment: None
DEBUG util.py:558:  Executing command: ['/bin/mount', '-n', '-o', 'rbind', '/var/lib/mock/alma+epel-9-x86_64/root', '/var/lib/mock/alma+epel-9-x86_64-bootstrap/root/var/lib/mock/alma+epel-9-x86_64/root'] with env {'TERM': 'vt100', 'SHELL': '/bin/sh', 'HOME': '/builddir', 'HOSTNAME': 'mock', 'PATH': '/usr/bin:/bin:/usr/sbin:/sbin', 'LANG': 'C.UTF-8'} and shell False
DEBUG util.py:610:  Child return code was: 0
DEBUG util.py:636:  child environment: None
DEBUG util.py:558:  Executing command: ['/bin/mount', '-n', '-o', 'remount,private,rbind', '--target', '/var/lib/mock/alma+epel-9-x86_64-bootstrap/root/var/lib/mock/alma+epel-9-x86_64/root'] with env {'TERM': 'vt100', 'SHELL': '/bin/sh', 'HOME': '/builddir', 'HOSTNAME': 'mock', 'PATH': '/usr/bin:/bin:/usr/sbin:/sbin', 'LANG': 'C.UTF-8'} and shell False
DEBUG util.py:610:  Child return code was: 0
DEBUG util.py:636:  child environment: None
DEBUG util.py:553:  Using nspawn with args ['--capability=cap_ipc_lock', '--bind=/tmp/mock-resolv.ashqs1x8:/etc/resolv.conf']
DEBUG util.py:558:  Executing command: ['/usr/bin/systemd-nspawn', '-q', '-M', '3151e985aec544cbafd6f06f42e4f77d', '-D', '/var/lib/mock/alma+epel-9-x86_64-bootstrap/root', '-a', '--capability=cap_ipc_lock', '--bind=/tmp/mock-resolv.ashqs1x8:/etc/resolv.conf', '--console=pipe', '--setenv=TERM=vt100', '--setenv=SHELL=/bin/bash', '--setenv=HOME=/builddir', '--setenv=HOSTNAME=mock', '--setenv=PATH=/usr/bin:/bin:/usr/sbin:/sbin', '--setenv=PROMPT_COMMAND=printf "\\033]0;<mock-chroot>\\007"', '--setenv=PS1=<mock-chroot> \\s-\\v\\$ ', '--setenv=LANG=C.UTF-8', '--resolv-conf=off', '/bin/sh', '-c', "rpm -qa --root '/var/lib/mock/alma+epel-9-x86_64/root' --qf '%{nevra} %{buildtime} %{size} %{pkgid} installed\\n'"] with env {'TERM': 'vt100', 'SHELL': '/bin/bash', 'HOME': '/builddir', 'HOSTNAME': 'mock', 'PATH': '/usr/bin:/bin:/usr/sbin:/sbin', 'PROMPT_COMMAND': 'printf "\\033]0;<mock-chroot>\\007"', 'PS1': '<mock-chroot> \\s-\\v\\$ ', 'LANG': 'C.UTF-8', 'SYSTEMD_NSPAWN_TMPFS_TMP': '0', 'SYSTEMD_SECCOMP': '0'} and shell False
DEBUG util.py:463:  gpg-pubkey-b86b3716-61e69f29 1642503977 0 (none) installed
DEBUG util.py:463:  gpg-pubkey-3228467c-613798eb 1631033579 0 (none) installed
DEBUG util.py:463:  rust-srpm-macros-17-4.el9.noarch 1644579138 2447 c2a61f5735180ef25a79ba4139c049e5 installed
DEBUG util.py:463:  rust-srpm-macros-epel-26.3-1.el9.noarch 1715974806 2907 f2cae61d2d5501f547c200dfb2c6f670 installed
DEBUG util.py:463:  qt6-srpm-macros-6.6.2-1.el9.noarch 1714509998 456 8b2431231baa0f317fa2536ecad7f3ae installed
DEBUG util.py:463:  ghc-srpm-macros-epel-1.9.1-1.el9.noarch 1734443439 498 b97dfc85336d63781d1ff152f2fadc6b installed
DEBUG util.py:463:  fpc-srpm-macros-1.3-7.el9.noarch 1676900002 144 bd6bb74a216ab5498ee5ab7981c3f401 installed
DEBUG util.py:463:  ansible-srpm-macros-1-16.el9.noarch 1726849052 36518 fb4f820e4d0d31d624d72536160aad01 installed
DEBUG util.py:463:  qt5-srpm-macros-5.15.9-1.el9.noarch 1695786489 492 f4b8798dffd67a149ba9546ee98890d3 installed
DEBUG util.py:463:  perl-srpm-macros-1-41.el9.noarch 1648211262 862 a7d1dd3647ab0baaf9374cd04d138efc installed
DEBUG util.py:463:  openblas-srpm-macros-2-11.el9.noarch 1644518888 104 ab6a0d86bdb28cb3845fc9275bff6d04 installed
DEBUG util.py:463:  ocaml-srpm-macros-6-6.el9.noarch 1645006823 745 c02264f1ab836473c0a0ac36c2b69d11 installed
DEBUG util.py:463:  ghc-srpm-macros-1.5.0-6.el9.noarch 1643558412 535 f1cf0b239c626086e43fc5b8bfdc8947 installed
DEBUG util.py:463:  tzdata-2026a-1.el9.noarch 1773835361 1921002 90194402773512bf75a3eccf6a818fe3 installed
DEBUG util.py:463:  publicsuffix-list-dafsa-20210518-3.el9.noarch 1649930311 68815 9049001bc986a7b3edc7bfab7f32187f installed
DEBUG util.py:463:  pkgconf-m4-1.7.3-10.el9.noarch 1680812438 14187 d797f52d2d8f1726a55a11e521e32b5e installed
DEBUG util.py:463:  pcre2-syntax-10.40-6.el9.noarch 1727910892 234324 be0c82ff0f81fe9d5b19826b81fd360e installed
DEBUG util.py:463:  ncurses-base-6.2-12.20210508.el9.noarch 1758446429 307293 c2dcbe72ecfb332701b74fe277803371 installed
DEBUG util.py:463:  libssh-config-0.10.4-17.el9_7.noarch 1766034432 277 13493c9c737ec1b8ec39c3f75565cc1b installed
DEBUG util.py:463:  coreutils-common-8.32-39.el9.x86_64 1741783836 10880476 8092759fe4fce9ba4575f40e98ae1af8 installed
DEBUG util.py:463:  almalinux-gpg-keys-9.7-1.el9.x86_64 1762856138 3139 0616b9983dcddcefced2b79e84fc3be2 installed
DEBUG util.py:463:  almalinux-release-9.7-1.el9.x86_64 1762856138 28504 9fc0f4e091ee88c5ceffef31e00a72a6 installed
DEBUG util.py:463:  almalinux-repos-9.7-1.el9.x86_64 1762856138 10864 0da2c89e4d50c3a7f71c348b3a044e58 installed
DEBUG util.py:463:  setup-2.13.7-10.el9.noarch 1712168971 725932 d06854c9d05f32cd5221d209aecbbebc installed
DEBUG util.py:463:  filesystem-3.16-5.el9.x86_64 1727902829 106 83146689de3574b559045cdfa73e0322 installed
DEBUG util.py:463:  basesystem-11-13.el9.noarch 1643412490 0 5fb7306840ce1307c9450ace93a9a78a installed
DEBUG util.py:463:  ncurses-libs-6.2-12.20210508.el9.x86_64 1758446456 994415 10324a6e0b9dd21ff388ddd8f0dda8b2 installed
DEBUG util.py:463:  bash-5.1.8-9.el9.x86_64 1714487592 7738730 abbcee9ad5f5b605c895928edf38a068 installed
DEBUG util.py:463:  glibc-gconv-extra-2.34-231.el9_7.10.x86_64 1771325893 8122892 bba75304f1ccf7acc1464d1a1d4adb00 installed
DEBUG util.py:463:  libgcc-11.5.0-11.el9.alma.1.x86_64 1757946440 207036 de5eaa825c714051335aa91362d6e335 installed
DEBUG util.py:463:  glibc-minimal-langpack-2.34-231.el9_7.10.x86_64 1771325893 0 3298c8f4d1b4753abd7cde9e5f12dc6b installed
DEBUG util.py:463:  glibc-common-2.34-231.el9_7.10.x86_64 1771325893 1081382 1916445c7d095548974c58f708f36ba7 installed
DEBUG util.py:463:  glibc-2.34-231.el9_7.10.x86_64 1771325893 6461291 72f2ef46746411c8cfb0c937231dc08a installed
DEBUG util.py:463:  zlib-1.2.11-40.el9.x86_64 1695720125 202921 06ae87f547967cdb2d0cbe1a8f7a0a3b installed
DEBUG util.py:463:  xz-libs-5.2.5-8.el9_0.x86_64 1654677033 181589 26d1d44716e54a105e7083fedc4c3a18 installed
DEBUG util.py:463:  bzip2-libs-1.0.8-10.el9_5.x86_64 1738640559 78228 ea37d3845e84668b83dab7faeca6ff53 installed
DEBUG util.py:463:  libzstd-1.5.5-1.el9.x86_64 1741812953 773894 1455767d35300864d7120949dd275489 installed
DEBUG util.py:463:  elfutils-libelf-0.193-1.el9.alma.1.x86_64 1758469624 1220296 0a189321d1d52bc40e66f5b30037e075 installed
DEBUG util.py:463:  libstdc++-11.5.0-11.el9.alma.1.x86_64 1757946440 2585609 8b22b25f3eb611bc9379f0b71143852f installed
DEBUG util.py:463:  libxcrypt-4.4.18-3.el9.x86_64 1644465890 270724 03354b2659877cafec7273b5cd8f879c installed
DEBUG util.py:463:  libuuid-2.37.4-21.el9_7.x86_64 1770239437 38005 0f2d05f9b0097339f304bfefcb04345f installed
DEBUG util.py:463:  gmp-1:6.2.0-13.el9.x86_64 1696934960 816844 608294d7e89348908bf207387ecbfeca installed
DEBUG util.py:463:  libattr-2.5.1-3.el9.x86_64 1643373859 29445 7ce1bc0a98f4c0afd2d5d8576ca27133 installed
DEBUG util.py:463:  libacl-2.3.1-4.el9.x86_64 1712068496 40554 44d63db3c6ce866430e7149f4395278b installed
DEBUG util.py:463:  libcap-2.48-10.el9_7.1.x86_64 1777585578 177479 909556d747d6a21a96e356bd0fc9f0b8 installed
DEBUG util.py:463:  popt-1.18-8.el9.x86_64 1648240343 130376 d023c9ebf80dbada8fddb5a69471a0d9 installed
DEBUG util.py:463:  libcom_err-1.46.5-8.el9.x86_64 1758466961 68401 8efaf6f7874c7e52387bdd53384339f0 installed
DEBUG util.py:463:  lz4-libs-1.9.3-5.el9.x86_64 1644481114 145515 8557c4f0d9c63e5ebf77dcfe4dd2e9fb installed
DEBUG util.py:463:  readline-8.1-4.el9.x86_64 1644541287 492924 f4f3a3fa47cf00c5f36937b73da28db1 installed
DEBUG util.py:463:  crypto-policies-20250905-1.git377cc42.el9_7.noarch 1760955606 101000 2fa5dbc353fa3e0725f4216a594ec518 installed
DEBUG util.py:463:  mpfr-4.1.0-7.el9.x86_64 1644492386 802595 667977b12c5e8614ecfbf50760fe8cea installed
DEBUG util.py:463:  dwz-0.16-1.el9.x86_64 1758465929 293348 eca723cbd6c9b74c1752b0f60c33c93c installed
DEBUG util.py:463:  unzip-6.0-59.el9.x86_64 1758452692 398483 00a3a9dbe95d658c4715229ff1d20cef installed
DEBUG util.py:463:  file-libs-5.39-16.el9.x86_64 1712147865 8086748 5d554261ecb32cd6dd1b368ba933c92e installed
DEBUG util.py:463:  file-5.39-16.el9.x86_64 1712147865 102664 4b083cdde473c635ee17e7541222f116 installed
DEBUG util.py:463:  sqlite-libs-3.34.1-9.el9_7.x86_64 1762899228 1372976 d4fabedeab79ee216d637001bced6a03 installed
DEBUG util.py:463:  alternatives-1.24-2.el9.x86_64 1741776228 63489 8d63bb71331fe18d4bdf778e74b9a20e installed
DEBUG util.py:463:  libcap-ng-0.8.2-7.el9.x86_64 1651425264 75196 b3b6c517f674b1a19c87a1561fd7e3c5 installed
DEBUG util.py:463:  audit-libs-3.1.5-7.el9.x86_64 1758455246 338497 275c90a9c6016c3c47b8230da95ac408 installed
DEBUG util.py:463:  libffi-3.4.2-8.el9.x86_64 1695671656 65761 34887349d1d9f7578ffabc8273fa4558 installed
DEBUG util.py:463:  libsepol-3.6-3.el9.x86_64 1758446100 829195 e1b3f342c691068244d374f65e5d81bb installed
DEBUG util.py:463:  libsigsegv-2.13-4.el9.x86_64 1644457015 50354 7012e4a7edf3bd5d99b21eec9fb21cff installed
DEBUG util.py:463:  gawk-5.1.0-6.el9.x86_64 1648679084 1685614 fcd814904c14563f0fb1b26cd5abf615 installed
DEBUG util.py:463:  libsmartcols-2.37.4-21.el9_7.x86_64 1770239437 134787 31c99cad78564128ad79043e44601f6f installed
DEBUG util.py:463:  libtasn1-4.16.0-9.el9.x86_64 1741836662 183484 c0749dbea6abdb35cf3b4e996dce78ec installed
DEBUG util.py:463:  p11-kit-0.25.3-3.el9_5.x86_64 1734433414 2530659 f669c8a60fcc528927d11740ac83d798 installed
DEBUG util.py:463:  libunistring-0.9.10-15.el9.x86_64 1644462861 1643051 89974ee18eca0832a008f146ab722d15 installed
DEBUG util.py:463:  libidn2-2.3.0-7.el9.x86_64 1644440268 253476 1f6a3623b3f769250040f82e0df9b999 installed
DEBUG util.py:463:  lua-libs-5.4.4-4.el9.x86_64 1695752897 287355 2430d6b63b04055dcf0ed3068e801da9 installed
DEBUG util.py:463:  libpsl-0.21.1-5.el9.x86_64 1644463051 78616 05be8f6d2c29044a80d9cf9d816afd6d installed
DEBUG util.py:463:  p11-kit-trust-0.25.3-3.el9_5.x86_64 1734433414 478116 110ab0919d992b7cd0fbb1842ec0ed40 installed
DEBUG util.py:463:  zip-3.0-35.el9.x86_64 1680876147 741151 787c9da9cd41b68a952be641f5827845 installed
DEBUG util.py:463:  zstd-1.5.5-1.el9.x86_64 1741812953 1672821 e3dd3573e4e3d48fc9c58e38de7e06db installed
DEBUG util.py:463:  groff-base-1.22.4-10.el9.x86_64 1643712259 4040414 024f1564cc6f985c2b8fc4d025c4a995 installed
DEBUG util.py:463:  bzip2-1.0.8-10.el9_5.x86_64 1738640559 95088 691fa0a583158ab40287d13d676198d9 installed
DEBUG util.py:463:  libxml2-2.9.13-14.el9_7.x86_64 1764560439 1959268 ae032de2e3f74d40b01e52c5b2936692 installed
DEBUG util.py:463:  info-6.7-15.el9.x86_64 1651410735 508035 5406a0ac5f045ccb1e44a77efdeeb908 installed
DEBUG util.py:463:  ed-1.14.2-12.el9.x86_64 1643518920 129931 716717234d7de11268a70f0874a4defd installed
DEBUG util.py:463:  cpio-2.13-16.el9.x86_64 1643489457 1088179 20d7eb1219e79364f2b8f81bc0fe0a0c installed
DEBUG util.py:463:  diffutils-3.7-12.el9.x86_64 1643480107 1467897 0a64e40e363d5df18c64c2dead50f7d6 installed
DEBUG util.py:463:  gdbm-libs-1:1.23-1.el9.x86_64 1727905839 128586 0bb4c1349578acccd76882767dbc508d installed
DEBUG util.py:463:  json-c-0.14-11.el9.x86_64 1644568776 79042 e3bcf96305017ede260a388d95652a40 installed
DEBUG util.py:463:  keyutils-libs-1.6.3-1.el9.x86_64 1680722150 55267 7f796f310a80bc09e6a82f3c714391ae installed
DEBUG util.py:463:  libbrotli-1.0.9-9.el9_7.x86_64 1770289647 782170 4107456cfc4de0346ce9395a905887ba installed
DEBUG util.py:463:  libdb-5.3.28-57.el9_6.x86_64 1750774368 1897918 7bfc7fbf88113dac72b782fe2bd983a7 installed
DEBUG util.py:463:  libeconf-0.4.1-4.el9.x86_64 1727800838 45803 d025631029157ca95878a634a2a20242 installed
DEBUG util.py:463:  libgomp-11.5.0-11.el9.alma.1.x86_64 1757946440 421717 aa8b2558e4db73dddab8046482737d72 installed
DEBUG util.py:463:  libgpg-error-1.42-5.el9.x86_64 1644449054 837064 e6b8dd1cf21caa5d740e91046442bf26 installed
DEBUG util.py:463:  libgcrypt-1.10.0-11.el9.x86_64 1727800986 1398402 7929dfb4e7f7c4b8e8d25280ab95b20e installed
DEBUG util.py:463:  libnghttp2-1.43.0-6.el9_7.1.x86_64 1776053633 169764 7ea0e513f8c012950468da5170f5b5ea installed
DEBUG util.py:463:  libpkgconf-1.7.3-10.el9.x86_64 1680812823 75425 194e51b0918b18e12e00ab15c19ee38a installed
DEBUG util.py:463:  pkgconf-1.7.3-10.el9.x86_64 1680812823 77890 ab427b19d35afc539d12a6b9adf6d99d installed
DEBUG util.py:463:  pkgconf-pkg-config-1.7.3-10.el9.x86_64 1680812823 1203 203c2469cb0682808357931179d5324e installed
DEBUG util.py:463:  libtool-ltdl-2.4.6-46.el9.x86_64 1727804946 71568 b2b0c536c6641f5f9385b906d25a5cbb installed
DEBUG util.py:463:  libverto-0.3.2-3.el9.x86_64 1644467610 30381 7f11c70e36432c127987bfbe02b7bef0 installed
DEBUG util.py:463:  ncurses-6.2-12.20210508.el9.x86_64 1758446456 624684 a7561b5b6e649c659c388fedf95afa84 installed
DEBUG util.py:463:  pcre-8.44-4.el9.x86_64 1727906000 537720 c545835f3e9dab2d0a1d5f8a1bef1897 installed
DEBUG util.py:463:  grep-3.6-5.el9.x86_64 1643660491 857864 a446fe7db66d7e8f0fcd097c20abd47c installed
DEBUG util.py:463:  xz-5.2.5-8.el9_0.x86_64 1654677033 685939 faecaee7f9cd46fec9def1b27acc08d2 installed
DEBUG util.py:463:  pcre2-10.40-6.el9.x86_64 1727906236 652282 38ce3ac9306548549c7da2643170fd51 installed
DEBUG util.py:463:  libselinux-3.6-3.el9.x86_64 1741822567 176845 c9caf74a5adc7055412dd44de15f5594 installed
DEBUG util.py:463:  sed-4.8-9.el9.x86_64 1644921382 813615 11204e2cc270a9dbcefd2b57361e1756 installed
DEBUG util.py:463:  findutils-1:4.8.0-7.el9.x86_64 1727903031 1757006 eb24fa02da2776029062c039b1a9fd87 installed
DEBUG util.py:463:  openssl-fips-provider-1:3.5.1-7.el9_7.x86_64 1769616215 2591522 bbe71bdfbf5ec2026896d07df286b693 installed
DEBUG util.py:463:  openssl-libs-1:3.5.1-7.el9_7.x86_64 1769616215 7470323 1241864a2900c0325194ce7408a74e5f installed
DEBUG util.py:463:  coreutils-8.32-39.el9.x86_64 1741783836 5986602 3ac06a4f75fb3aa1042f99637bfb2a4b installed
DEBUG util.py:463:  ca-certificates-2025.2.80_v9.0.305-91.el9.noarch 1763547065 2791711 7835aefb5f908c26ebbb25b9e609c5ab installed
DEBUG util.py:463:  libblkid-2.37.4-21.el9_7.x86_64 1770239437 229721 55362debbb383770b4797bb27fb801ac installed
DEBUG util.py:463:  krb5-libs-1.21.1-9.el9_7.x86_64 1776790395 2503194 fb8df8f3a04269539a9888afd91cc16d installed
DEBUG util.py:463:  libmount-2.37.4-21.el9_7.x86_64 1770239437 318333 02d0c16f51c63e3fb4846d43dbddb5ec installed
DEBUG util.py:463:  gzip-1.12-1.el9.x86_64 1665854720 377005 b5c23607ca0175f8586bb9f04bc0c094 installed
DEBUG util.py:463:  cracklib-2.9.6-27.el9.x86_64 1643491090 251890 ea2a45be2b7fcc294568cdfcf303a2f7 installed
DEBUG util.py:463:  systemd-libs-252-55.el9_7.8.alma.1.x86_64 1775588955 1814776 e944780706e25ef1e98f24e7ce9bef40 installed
DEBUG util.py:463:  libarchive-3.5.3-9.el9_7.x86_64 1776375870 906150 ad802c017c07d45c568eab3122245de6 installed
DEBUG util.py:463:  util-linux-core-2.37.4-21.el9_7.x86_64 1770239437 1262807 81fe4d18daa85caa08c8fccde22ffe46 installed
DEBUG util.py:463:  cracklib-dicts-2.9.6-27.el9.x86_64 1643491090 9815154 70cb82f78826244294e7adc4592f8d6a installed
DEBUG util.py:463:  cyrus-sasl-lib-2.1.27-22.el9.x86_64 1758800767 2380456 88e08518f6a93d32158a4c3e8ad4caaa installed
DEBUG util.py:463:  libssh-0.10.4-17.el9_7.x86_64 1766034334 535755 e4963daf262739d38dde82782668c25a installed
DEBUG util.py:463:  libfdisk-2.37.4-21.el9_7.x86_64 1770239437 367771 cfb8b3a97d9ccf93586497ed9891820c installed
DEBUG util.py:463:  perl-Digest-1.19-4.el9.noarch 1644595375 36844 7698964c801c15b9e09af239d06d325a installed
DEBUG util.py:463:  perl-Digest-MD5-2.58-4.el9.x86_64 1644596344 61538 3d1d54ac6c6d2e660c60e1febe6ba812 installed
DEBUG util.py:463:  perl-B-0:1.80-481.1.el9_6.x86_64 1753674689 504453 3b8759bd11f2c7e725026be531a4efa0 installed
DEBUG util.py:463:  perl-FileHandle-0:2.03-481.1.el9_6.noarch 1753674690 10531 1667426fe69a47b5f1dc48929a0b651e installed
DEBUG util.py:463:  perl-Data-Dumper-2.174-462.el9.x86_64 1645021433 111885 af724cea7fa63c7ca7f3f01ec012a55e installed
DEBUG util.py:463:  perl-libnet-3.13-4.el9.noarch 1645018479 299357 dfe2b5d3f071eea602ade0b7715724fd installed
DEBUG util.py:463:  perl-AutoLoader-0:5.74-481.1.el9_6.noarch 1753674690 22038 a84b305413f4f741404de6b444fe2b1a installed
DEBUG util.py:463:  perl-base-0:2.27-481.1.el9_6.noarch 1753674690 13820 d86b2bfbb701e8283aa294e4b88d2d17 installed
DEBUG util.py:463:  perl-URI-5.09-3.el9.noarch 1648214228 216915 7d631b61f4e7d1a59b7702853d439458 installed
DEBUG util.py:463:  perl-if-0:0.60.800-481.1.el9_6.noarch 1753674690 6875 4ca24ef277e11ce296da80c68b5fad6c installed
DEBUG util.py:463:  perl-IO-Socket-IP-0.41-5.el9.noarch 1645012339 100240 bc34f266c7ab758d6f9f7051375473af installed
DEBUG util.py:463:  perl-Time-Local-2:1.300-7.el9.noarch 1650006587 67344 1a5c30f3e50f6d6dabf2364d4e1ceab7 installed
DEBUG util.py:463:  perl-File-Path-2.18-4.el9.noarch 1645015494 65333 5f5233277e7d003386aabf73ba2e3b00 installed
DEBUG util.py:463:  perl-IO-Socket-SSL-2.073-2.el9.noarch 1727930920 616300 70afb993476490ea51cc260cf59c7127 installed
DEBUG util.py:463:  perl-Net-SSLeay-1.94-3.el9.x86_64 1758536431 1520289 1dbfd0495c3ec1ee0b329f074b3d77c5 installed
DEBUG util.py:463:  perl-Pod-Escapes-1:1.07-460.el9.noarch 1644606541 25764 55b868e63af1b6b497c1275208cd17a7 installed
DEBUG util.py:463:  perl-Text-Tabs+Wrap-2013.0523-460.el9.noarch 1645014862 24828 a93eda6aa00df774344de75de3e7d620 installed
DEBUG util.py:463:  perl-Mozilla-CA-20200520-6.el9.noarch 1645008884 5866 a59b14886d99e10c61e0ebfe717e6a16 installed
DEBUG util.py:463:  perl-Class-Struct-0:0.66-481.1.el9_6.noarch 1753674690 26954 f07cd43c2853247170e85d36ef00b5c7 installed
DEBUG util.py:463:  perl-POSIX-0:1.94-481.1.el9_6.x86_64 1753674689 240028 950e539e845f6433f9debd41b575ec81 installed
DEBUG util.py:463:  perl-Term-ANSIColor-5.01-461.el9.noarch 1644999613 100303 a51bca447e32088bddfcd4cf9de3355d installed
DEBUG util.py:463:  perl-IPC-Open3-0:1.21-481.1.el9_6.noarch 1753674690 25047 673c53d9c0a52df6b62bc9a34de6df7e installed
DEBUG util.py:463:  perl-subs-0:1.03-481.1.el9_6.noarch 1753674690 3061 ea9d34f930188bc025f68b5cabbb7b0f installed
DEBUG util.py:463:  perl-File-Temp-1:0.231.100-4.el9.noarch 1645005893 166550 231231e97dda4215e8fc63879bc29373 installed
DEBUG util.py:463:  perl-Term-Cap-1.17-460.el9.noarch 1644999857 29851 680f95980423f8af9d8deea43aeb38dd installed
DEBUG util.py:463:  perl-Pod-Simple-1:3.42-4.el9.noarch 1644595067 577293 59a0c9c7881c8c7595d69513738cf3a6 installed
DEBUG util.py:463:  perl-HTTP-Tiny-0.076-462.el9.noarch 1712162164 150675 89021a91b43720abc24e9bbcd3c34a78 installed
DEBUG util.py:463:  perl-Socket-4:2.031-4.el9.x86_64 1644596363 124985 70c1beb0d1a3fd1b63c4402c70498566 installed
DEBUG util.py:463:  perl-SelectSaver-0:1.02-481.1.el9_6.noarch 1753674690 3171 37457b8a1b1d2d8aa818cdcd61d33090 installed
DEBUG util.py:463:  perl-Symbol-0:1.08-481.1.el9_6.noarch 1753674690 7848 f7304ede78a62ba19584fe157932046a installed
DEBUG util.py:463:  perl-File-stat-0:1.09-481.1.el9_6.noarch 1753674690 13950 ce9e4870655bc834de4dfd2f813f68e1 installed
DEBUG util.py:463:  perl-podlators-1:4.14-460.el9.noarch 1648210257 288742 7635e181970fee0ec972edeb3640eb38 installed
DEBUG util.py:463:  perl-Pod-Perldoc-3.28.01-461.el9.noarch 1644882690 170960 3592c6f8ec5d262935747c142a2a0f4e installed
DEBUG util.py:463:  perl-Fcntl-0:1.13-481.1.el9_6.x86_64 1753674689 30125 ac399417085aa48d6fd0eb8ae8145d98 installed
DEBUG util.py:463:  perl-Text-ParseWords-3.30-460.el9.noarch 1645008582 13101 95074ebfc08d2e7945b6a351107c6de0 installed
DEBUG util.py:463:  perl-mro-0:1.23-481.1.el9_6.x86_64 1753674689 43476 9b16e1b06aebb59e330e68682933d402 installed
DEBUG util.py:463:  perl-IO-0:1.43-481.1.el9_6.x86_64 1753674689 163146 d1206c62b98ec43aaa05bc5d28387f88 installed
DEBUG util.py:463:  perl-overloading-0:0.02-481.1.el9_6.noarch 1753674690 5894 908d8df045b85e62710a511ee8828339 installed
DEBUG util.py:463:  perl-Pod-Usage-4:2.01-4.el9.noarch 1644595290 87186 1c81d46cf49953bf17671509bb9f143b installed
DEBUG util.py:463:  perl-Errno-0:1.30-481.1.el9_6.x86_64 1753674689 9534 1478545e5412f5ea74f96dfca93773b2 installed
DEBUG util.py:463:  perl-File-Basename-0:2.85-481.1.el9_6.noarch 1753674690 15340 d24f359fbc4e643618faf4b982870d03 installed
DEBUG util.py:463:  perl-Getopt-Std-0:1.12-481.1.el9_6.noarch 1753674690 12107 c68114f15f226776a7dfd69dcb1ed2b3 installed
DEBUG util.py:463:  perl-MIME-Base64-3.16-4.el9.x86_64 1645024373 48161 74c7445541edb6b812cb547cb1ed7001 installed
DEBUG util.py:463:  perl-Scalar-List-Utils-4:1.56-462.el9.x86_64 1727907500 143128 8c3fe3dd77a8774d31c4d063dfdd626f installed
DEBUG util.py:463:  perl-constant-1.33-461.el9.noarch 1645017554 27104 77ae4fa31b0e05c47722d3f42c3031f4 installed
DEBUG util.py:463:  perl-Storable-1:3.21-460.el9.x86_64 1644882355 228564 f1fe7637efd26378c700703de66084a9 installed
DEBUG util.py:463:  perl-overload-0:1.31-481.1.el9_6.noarch 1753674690 72822 615b48cbd341a1ae3deb9448d1b0af50 installed
DEBUG util.py:463:  perl-parent-1:0.238-460.el9.noarch 1648236106 9535 313ca11d9438fd3b8857ebea09d52cbe installed
DEBUG util.py:463:  perl-vars-0:1.05-481.1.el9_6.noarch 1753674690 4927 d014d0e5fa05c4e04973e86b9b9cd183 installed
DEBUG util.py:463:  perl-Getopt-Long-1:2.52-4.el9.noarch 1645006486 139937 91b70507061382352f5f8cea185952c4 installed
DEBUG util.py:463:  perl-Carp-1.50-460.el9.noarch 1644593358 47889 6ceb2511def761f84a2955e7f4213e02 installed
DEBUG util.py:463:  perl-Exporter-5.74-461.el9.noarch 1645012476 55359 e319d1821d7cff3db59f99d55552222b installed
DEBUG util.py:463:  perl-PathTools-3.78-461.el9.x86_64 1644596169 182550 980e6b8777939c540b2651d2b3395e3a installed
DEBUG util.py:463:  perl-Encode-4:3.08-462.el9.x86_64 1644597714 10240138 a7c4df5408a860802892b95def60a33d installed
DEBUG util.py:463:  perl-libs-4:5.32.1-481.1.el9_6.x86_64 1753674689 8953979 6bca13bd9646e1ec98ef9790891c175c installed
DEBUG util.py:463:  perl-interpreter-4:5.32.1-481.1.el9_6.x86_64 1753674689 120086 26bec95b7711bfab9b0400a86fc94136 installed
DEBUG util.py:463:  kernel-srpm-macros-1.0-14.el9.noarch 1758093656 16948 374608d42ff1baa7de696b0ac578c42c installed
DEBUG util.py:463:  openssl-1:3.5.1-7.el9_7.x86_64 1769616215 2263609 77694c9ff5fbf42f36356076041800f4 installed
DEBUG util.py:463:  libpwquality-1.4.4-8.el9.x86_64 1644464254 416424 8887f61609c602b650ca3a7f5077bd71 installed
DEBUG util.py:463:  pam-1.5.1-26.el9_6.x86_64 1756871129 1907540 72dd99c8b72fa6c7134e29a9d8c7e34c installed
DEBUG util.py:463:  libevent-2.1.12-8.el9_4.x86_64 1725362762 928090 1d07d5bf7396f9ff79545bb48bd60870 installed
DEBUG util.py:463:  libsemanage-3.6-5.el9_6.x86_64 1742298593 307182 a8cec69c4d60eb615422798b620da314 installed
DEBUG util.py:463:  shadow-utils-2:4.9-15.el9.x86_64 1758455783 3812546 6015c955f9a3af145f02eadac3ec321a installed
DEBUG util.py:463:  libutempter-1.2.1-6.el9.x86_64 1644465610 59441 60d7a46e01fd1a708369f595c8fa9da6 installed
DEBUG util.py:463:  openldap-2.6.8-4.el9.x86_64 1741868893 1087281 15fc0b70aae1ee3a492cca80324ab36d installed
DEBUG util.py:463:  libcurl-7.76.1-35.el9_7.3.x86_64 1769588759 667534 81b7b4560124f8c2ad0f3617975e0425 installed
DEBUG util.py:463:  curl-7.76.1-35.el9_7.3.x86_64 1769588759 684513 61d95621dfdf8f65c6b75a8eba263538 installed
DEBUG util.py:463:  rpm-libs-4.16.1.3-39.el9.x86_64 1759305441 773076 19ad023b8758aa01c47d8cea260dd6ca installed
DEBUG util.py:463:  rpm-4.16.1.3-39.el9.x86_64 1759305441 2750478 aa231b9acc8cbdd85744257c63d16c32 installed
DEBUG util.py:463:  efi-srpm-macros-6-4.el9.noarch 1758092934 41047 e28cfe7ad492c6298475c11c1b393b85 installed
DEBUG util.py:463:  lua-srpm-macros-1-6.el9.noarch 1644618813 1314 b1f6d12844b8255fa10d5275b52c0b21 installed
DEBUG util.py:463:  rpmautospec-rpm-macros-0.8.4-1.el9.noarch 1773837670 707 33f25a4529672dfe91838dfa1921cb55 installed
DEBUG util.py:463:  tar-2:1.34-9.el9_7.x86_64 1767642011 3159723 a056ae4e9990dd8fd6313ead54fd03d3 installed
DEBUG util.py:463:  patch-2.7.6-16.el9.x86_64 1648222924 265546 096d27d7687081b72514957dc7e6131a installed
DEBUG util.py:463:  elfutils-default-yama-scope-0.193-1.el9.alma.1.noarch 1758468423 1810 b67d15ad890e3fd7f5fa5c446a85a2c5 installed
DEBUG util.py:463:  elfutils-libs-0.193-1.el9.alma.1.x86_64 1758469624 751677 6dc249ebd86b6d64f40e5f3b47dd7dbe installed
DEBUG util.py:463:  elfutils-debuginfod-client-0.193-1.el9.alma.1.x86_64 1758469624 81138 6541b0b846bc08f19f40777ba3fac6eb installed
DEBUG util.py:463:  binutils-gold-2.35.2-67.el9_7.1.x86_64 1766067288 2128619 280cdacac0b4d8e5f64adee361c75073 installed
DEBUG util.py:463:  binutils-2.35.2-67.el9_7.1.x86_64 1766067288 25215163 f147660d3a5d402f457538a017c47955 installed
DEBUG util.py:463:  elfutils-0.193-1.el9.alma.1.x86_64 1758469624 3421726 f6ae3fd22aae1cef027091c15fa47a06 installed
DEBUG util.py:463:  gdb-minimal-16.3-2.el9.x86_64 1758455230 15226265 1a4686de3548dd3eedeb7400344335a2 installed
DEBUG util.py:463:  debugedit-5.0-11.el9.x86_64 1758461450 194614 da5cbbe21c43815cf80cf564c2d579b0 installed
DEBUG util.py:463:  rpm-build-libs-4.16.1.3-39.el9.x86_64 1759305441 198430 71720986a68a7c00ba664f49dac599b3 installed
DEBUG util.py:463:  fonts-srpm-macros-1:2.0.5-7.el9.1.noarch 1644638356 56503 6849d7b20d8c28dacc459b454a78994d installed
DEBUG util.py:463:  go-srpm-macros-3.6.0-14.el9_7.noarch 1776657509 62484 0db4b7cfac583081abb36ee306d81e6a installed
DEBUG util.py:463:  python-srpm-macros-3.9-54.el9.noarch 1727786776 37605 ea12cc3242ebccb1c0ca386e7269d116 installed
DEBUG util.py:463:  redhat-rpm-config-210-1.el9.alma.1.noarch 1758093877 189493 3b02d4e499655e6b55e96ded58064dd6 installed
DEBUG util.py:463:  rpm-build-4.16.1.3-39.el9.x86_64 1759305441 150073 82259579a6441c567c4d9f03c0be9653 installed
DEBUG util.py:463:  pyproject-srpm-macros-1.16.2-1.el9.noarch 1741862780 1952 db50657b429acab41c2500d2993eca6b installed
DEBUG util.py:463:  forge-srpm-macros-0.4.0-1.el9.noarch 1734482734 39887 ea3941239b8d23843851199df44e82b4 installed
DEBUG util.py:463:  go-srpm-macros-epel-3.8.0-1.el9.noarch 1756956667 63280 960a642223f6b696465e497c65b27f3c installed
DEBUG util.py:463:  R-srpm-macros-1.3.7-1.el9.noarch 1774883230 3626 0588f452c9d6312cb351c9453d2864a3 installed
DEBUG util.py:463:  epel-rpm-macros-9-18.el9.noarch 1774638891 18704 4cd6c0e4cb706d1ef88783a600ba20a1 installed
DEBUG util.py:463:  util-linux-2.37.4-21.el9_7.x86_64 1770239437 11147118 926b3bd8d53543680a6f5a085f9b8b69 installed
DEBUG util.py:463:  which-2.21-30.el9_6.x86_64 1754374769 81900 55186272c3a81b2172db432caf92a23f installed
DEBUG util.py:463:  libmpc-1.2.1-4.el9.x86_64 1644450029 138613 44b2c50f6fbf23200f9734200bb00a8e installed
DEBUG util.py:463:  cpp-11.5.0-11.el9.alma.1.x86_64 1757946440 30661206 f9f1b4c257477d9b598d01fb06d45a8e installed
DEBUG util.py:463:  pcre2-utf32-10.40-6.el9.x86_64 1727906236 558912 c696f7dadf4f440a819a6a06eaa727bc installed
DEBUG util.py:463:  pcre2-utf16-10.40-6.el9.x86_64 1727906236 587664 a5d6ae229680ebe7255f614697b42f97 installed
DEBUG util.py:463:  pcre2-devel-10.40-6.el9.x86_64 1727906236 1980925 554b11b862bfb7babe3e97e108e4c219 installed
DEBUG util.py:463:  llvm-filesystem-20.1.8-3.el9.x86_64 1758138867 0 6b5f8dfba7f757bac663cac05cf24163 installed
DEBUG util.py:463:  libverto-devel-0.3.2-3.el9.x86_64 1644467610 26313 d5817a44b54d1fb324e3be103b78ee7d installed
DEBUG util.py:463:  libsepol-devel-3.6-3.el9.x86_64 1758446100 123967 3c218b10db0eeefb6d25f4d2282c0cfc installed
DEBUG util.py:463:  libselinux-devel-3.6-3.el9.x86_64 1741822567 129137 eb354e14d3d0e65879352291b78f6767 installed
DEBUG util.py:463:  libcom_err-devel-1.46.5-8.el9.x86_64 1758466961 17068 91bc32b1ff376a68d75670f2743469b4 installed
DEBUG util.py:463:  keyutils-libs-devel-1.6.3-1.el9.x86_64 1680722150 49397 221d9d675e18d71f2410f83cb2474202 installed
DEBUG util.py:463:  kernel-headers-5.14.0-611.49.2.el9_7.x86_64 1777551418 6542797 bb2c3ca60cdff09cd6e85717a7344f15 installed
DEBUG util.py:463:  glibc-headers-2.34-231.el9_7.10.x86_64 1771325893 2181490 4460f0a6acf5dd921cd1c6ad1d7d0a93 installed
DEBUG util.py:463:  libxcrypt-devel-4.4.18-3.el9.x86_64 1644465890 31019 70b117fa14e9563c49228c8f13c75eb1 installed
DEBUG util.py:463:  glibc-devel-2.34-231.el9_7.10.x86_64 1771325893 47544 a81b35529c85d5d389dbd5732ad6077b installed
DEBUG util.py:463:  make-1:4.3-8.el9.x86_64 1712062509 1719678 dc40abc3cfe247dee48edd9c5db26369 installed
DEBUG util.py:463:  gcc-11.5.0-11.el9.alma.1.x86_64 1757946440 89921610 eac121ef700e0ca4ffe1a62031bf86a7 installed
DEBUG util.py:463:  libkadm5-1.21.1-9.el9_7.x86_64 1776790395 226798 2d1dcaa333a5ae4275a7ab55117601b3 installed
DEBUG util.py:463:  libedit-3.1-38.20210216cvs.el9.x86_64 1695670210 251847 891a9323e47966f6501c2cb603ad29be installed
DEBUG util.py:463:  llvm-libs-20.1.8-3.el9.x86_64 1758138867 129136343 bde3f3c23eeef68def64ba0e86d4ee9a installed
DEBUG util.py:463:  annobin-12.98-1.el9.x86_64 1758137359 1225753 7634fb710d9cba305e80173af43bd162 installed
DEBUG util.py:463:  krb5-devel-1.21.1-9.el9_7.x86_64 1776790395 723566 b418731e2144349aa945f10e3f0e70f1 installed
DEBUG util.py:463:  gcc-plugin-annobin-11.5.0-11.el9.alma.1.x86_64 1757946440 57770 8ae836ce803cdfb4a0a461f874d569df installed
DEBUG util.py:463:  pam-devel-1.5.1-26.el9_6.x86_64 1756871129 610109 f81b844a8adc04ce7edd1dbd82fb3bd5 installed
DEBUG util.py:463:  openssl-devel-1:3.5.1-7.el9_7.x86_64 1769616215 5537260 f1d818de0d04ea9cd839c6572023792f installed
DEBUG util.py:610:  Child return code was: 0
DEBUG util.py:185:  kill orphans in chroot /var/lib/mock/alma+epel-9-x86_64/root
DEBUG util.py:185:  kill orphans in chroot /var/lib/mock/alma+epel-9-x86_64-bootstrap/root/var/lib/mock/alma+epel-9-x86_64/root
DEBUG util.py:636:  child environment: None
DEBUG util.py:558:  Executing command: ['/bin/umount', '-n', '-l', '/var/lib/mock/alma+epel-9-x86_64-bootstrap/root/var/lib/mock/alma+epel-9-x86_64/root'] with env {'TERM': 'vt100', 'SHELL': '/bin/sh', 'HOME': '/builddir', 'HOSTNAME': 'mock', 'PATH': '/usr/bin:/bin:/usr/sbin:/sbin', 'LANG': 'C.UTF-8'} and shell False
DEBUG util.py:610:  Child return code was: 0
DEBUG util.py:636:  child environment: None
DEBUG util.py:558:  Executing command: ['/bin/umount', '-n', '-l', '/var/lib/mock/alma+epel-9-x86_64-bootstrap/root/var/lib/mock/alma+epel-9-x86_64/root'] with env {'TERM': 'vt100', 'SHELL': '/bin/sh', 'HOME': '/builddir', 'HOSTNAME': 'mock', 'PATH': '/usr/bin:/bin:/usr/sbin:/sbin', 'LANG': 'C.UTF-8'} and shell False
DEBUG util.py:610:  Child return code was: 0
DEBUG util.py:636:  child environment: None
DEBUG backend.py:821:  Copying packages to result dir
DEBUG util.py:185:  kill orphans in chroot /var/lib/mock/alma+epel-9-x86_64/root
DEBUG util.py:636:  child environment: None
DEBUG util.py:558:  Executing command: ['/bin/umount', '-n', '/var/lib/mock/alma+epel-9-x86_64/root/var/cache/dnf'] with env {'TERM': 'vt100', 'SHELL': '/bin/sh', 'HOME': '/builddir', 'HOSTNAME': 'mock', 'PATH': '/usr/bin:/bin:/usr/sbin:/sbin', 'LANG': 'C.UTF-8'} and shell False
DEBUG util.py:610:  Child return code was: 0
DEBUG util.py:636:  child environment: None
DEBUG util.py:558:  Executing command: ['/bin/umount', '-n', '/var/lib/mock/alma+epel-9-x86_64/root/var/cache/yum'] with env {'TERM': 'vt100', 'SHELL': '/bin/sh', 'HOME': '/builddir', 'HOSTNAME': 'mock', 'PATH': '/usr/bin:/bin:/usr/sbin:/sbin', 'LANG': 'C.UTF-8'} and shell False
DEBUG util.py:610:  Child return code was: 0
DEBUG util.py:185:  kill orphans in chroot /var/lib/mock/alma+epel-9-x86_64-bootstrap/root
DEBUG util.py:636:  child environment: None
DEBUG util.py:558:  Executing command: ['/bin/umount', '-n', '/var/lib/mock/alma+epel-9-x86_64-bootstrap/root/var/cache/dnf'] with env {'TERM': 'vt100', 'SHELL': '/bin/sh', 'HOME': '/builddir', 'HOSTNAME': 'mock', 'PATH': '/usr/bin:/bin:/usr/sbin:/sbin', 'LANG': 'C.UTF-8'} and shell False
DEBUG util.py:610:  Child return code was: 0
DEBUG util.py:636:  child environment: None
DEBUG util.py:558:  Executing command: ['/bin/umount', '-n', '/var/lib/mock/alma+epel-9-x86_64-bootstrap/root/var/cache/yum'] with env {'TERM': 'vt100', 'SHELL': '/bin/sh', 'HOME': '/builddir', 'HOSTNAME': 'mock', 'PATH': '/usr/bin:/bin:/usr/sbin:/sbin', 'LANG': 'C.UTF-8'} and shell False
DEBUG util.py:610:  Child return code was: 0
